institute_name,course_name,individual_tutor
SmartMathPro,PACK คณิต ม.6 เทอม 1+2 + พิชิตคณิตพื้นฐาน ม.6 + ปรับพื้นคณิตพิชิตม.ปลาย,พี่ปั้น SmartMathPro
SmartMathPro,PACK A-Level ไทย-สังคม (V.เต็ม),อ.ขลุ่ย
SmartMathPro,PACK A-Level ไทย-สังคม (V.เต็ม),ครูกอล์ฟ
SmartMathPro,PACK TPAT1 (ครบ 3 พาร์ต) + A-Level คณิต 1 (V.เต็ม + ตะลุยโจทย์),พี่ปั้น SmartMathPro
SmartMathPro,PACK TPAT1 (ครบ 3 พาร์ต) + A-Level คณิต 1 (V.เต็ม + ตะลุยโจทย์),อ.ขลุ่ย
SmartMathPro,PACK TPAT1 (ครบ 3 พาร์ต) + A-Level คณิต 1 (V.เต็ม + ตะลุยโจทย์),พี่หมออู๋
SmartMathPro,PACK TPAT3 (V.เต็ม) + A-Level คณิต 1 (V.เต็ม) + ฟิสิกส์ (V.เต็ม) + ภาษาอังกฤษ (V.เต็ม) + TGAT (V.เต็ม),พี่ปั้น SmartMathPro
SmartMathPro,PACK TPAT3 (V.เต็ม) + A-Level คณิต 1 (V.เต็ม) + ฟิสิกส์ (V.เต็ม) + ภาษาอังกฤษ (V.เต็ม) + TGAT (V.เต็ม),อ.ขลุ่ย
SmartMathPro,PACK TPAT3 (V.เต็ม) + A-Level คณิต 1 (V.เต็ม) + ฟิสิกส์ (V.เต็ม) + ภาษาอังกฤษ (V.เต็ม) + TGAT (V.เต็ม),พี่หนู
SmartMathPro,PACK TPAT3 (V.เต็ม) + A-Level คณิต 1 (V.เต็ม) + ฟิสิกส์ (V.เต็ม) + ภาษาอังกฤษ (V.เต็ม) + TGAT (V.เต็ม),พี่ฟาร์ม PhysicsFarm
SmartMathPro,PACK A-Level คณิต 2 (V.เต็ม) + ปรับพื้นคณิตพิชิตม.ปลาย,พี่ปั้น SmartMathPro
SmartMathPro,พิชิตลำดับและอนุกรม,พี่ปั้น SmartMathPro
SmartMathPro,PACK คณิต ม.5 เทอม 1+2 + พิชิตคณิตพื้นฐาน ม.5,พี่ปั้น SmartMathPro
SmartMathPro,"PACK TGAT (V.เต็ม + ตะลุยโจทย์ TGAT2,3)",พี่ปั้น SmartMathPro
SmartMathPro,"PACK TGAT (V.เต็ม + ตะลุยโจทย์ TGAT2,3)",อ.ขลุ่ย
SmartMathPro,"PACK TGAT (V.เต็ม + ตะลุยโจทย์ TGAT2,3)",พี่หนู
SmartMathPro,PACK A-Level ไทย-สังคม (V.เต็ม + Mock Test Vol.1),อ.ขลุ่ย
SmartMathPro,PACK A-Level ไทย-สังคม (V.เต็ม + Mock Test Vol.1),ครูกอล์ฟ
SmartMathPro,พิชิตสสารและความร้อน,พี่ฟาร์ม PhysicsFarm
SmartMathPro,PACK A-Level คณิต 1 (V.เต็ม + ตะลุยโจทย์),พี่ปั้น SmartMathPro
SmartMathPro,PACK A-Level ไทย-สังคม (V.รวบรัด + ตะลุยโจทย์ + Mock Test Vol.1),อ.ขลุ่ย
SmartMathPro,PACK A-Level ไทย-สังคม (V.รวบรัด + ตะลุยโจทย์ + Mock Test Vol.1),ครูกอล์ฟ
SmartMathPro,พิชิตเอกซ์โพเนนเชียล และ ลอการิทึม,พี่ปั้น SmartMathPro
SmartMathPro,PACK TPAT3 (V.เต็ม) + A-Level คณิต 1 (V.เต็ม),พี่ปั้น SmartMathPro
SmartMathPro,PACK TPAT3 (V.เต็ม) + A-Level คณิต 1 (V.เต็ม),พี่ฟาร์ม PhysicsFarm
SmartMathPro,PACK A-Level คณิต 2 (V.เต็ม) + ภาษาอังกฤษ (V.เต็ม) + TGAT (V.เต็ม),พี่ปั้น SmartMathPro
SmartMathPro,PACK A-Level คณิต 2 (V.เต็ม) + ภาษาอังกฤษ (V.เต็ม) + TGAT (V.เต็ม),อ.ขลุ่ย
SmartMathPro,PACK A-Level คณิต 2 (V.เต็ม) + ภาษาอังกฤษ (V.เต็ม) + TGAT (V.เต็ม),พี่หนู
SmartMathPro,พิชิต TPAT1 (พาร์ตเชื่อมโยง&เชาวน์ไทย),อ.ขลุ่ย
SmartMathPro,PACK TPAT5 (V.เต็ม + Mock Test Vol.1),ครูกอล์ฟ
SmartMathPro,PACK Buffet เนื้อหาคณิตม.ปลาย ม.4 – ม.6 + พิชิตคณิตพื้นฐาน ม.4-6 + ปรับพื้นคณิตพิชิตม.ปลาย,พี่ปั้น SmartMathPro
SmartMathPro,พิชิตไฟฟ้า,พี่ฟาร์ม PhysicsFarm
SmartMathPro,PACK คณิต ม.4 เทอม 1+2 + พิชิตคณิตพื้นฐาน ม.4 + ปรับพื้นคณิตพิชิตม.ปลาย,พี่ปั้น SmartMathPro
SmartMathPro,PACK A-Level ฟิสิกส์ (V.เต็ม),พี่ฟาร์ม PhysicsFarm
SmartMathPro,PACK A-Level ภาษาไทย (V.รวบรัด + Mock Test Vol.1),อ.ขลุ่ย
SmartMathPro,PACK A-Level ภาษาอังกฤษ (V.เต็ม) + ไทย-สังคม (V.เต็ม) + TGAT (V.เต็ม),พี่ปั้น SmartMathPro
SmartMathPro,PACK A-Level ภาษาอังกฤษ (V.เต็ม) + ไทย-สังคม (V.เต็ม) + TGAT (V.เต็ม),อ.ขลุ่ย
SmartMathPro,PACK A-Level ภาษาอังกฤษ (V.เต็ม) + ไทย-สังคม (V.เต็ม) + TGAT (V.เต็ม),พี่หนู
SmartMathPro,PACK A-Level ภาษาอังกฤษ (V.เต็ม) + ไทย-สังคม (V.เต็ม) + TGAT (V.เต็ม),ครูกอล์ฟ
SmartMathPro,พิชิตกลศาสตร์,พี่ฟาร์ม PhysicsFarm
SmartMathPro,พิชิตคลื่น แสง เสียง,พี่ฟาร์ม PhysicsFarm
SmartMathPro,PACK คณิต ม.5 เทอม 2 + ปรับพื้นคณิตพิชิตม.ปลาย,พี่ปั้น SmartMathPro
SmartMathPro,PACK TPAT1 (ครบ 3 พาร์ต),พี่ปั้น SmartMathPro
SmartMathPro,PACK TPAT1 (ครบ 3 พาร์ต),อ.ขลุ่ย
SmartMathPro,PACK TPAT1 (ครบ 3 พาร์ต),พี่หมออู๋
SmartMathPro,PACK คณิต ม.4 เทอม 1 + ปรับพื้นคณิตพิชิตม.ปลาย,พี่ปั้น SmartMathPro
SmartMathPro,พิชิต A-Level ชีววิทยา (V.รวบรัด),พี่หนุ่ม
SmartMathPro,พิชิต A-Level คณิต 1 เล่ม 3,พี่ปั้น SmartMathPro
SmartMathPro,PACK คณิต ม.4 เทอม 2 + ปรับพื้นคณิตพิชิตม.ปลาย,พี่ปั้น SmartMathPro
SmartMathPro,PACK A-Level คณิต 2 (V.เต็ม) + ภาษาอังกฤษ (V.เต็ม) + ไทย-สังคม (V.เต็ม) + TGAT (V.เต็ม),พี่ปั้น SmartMathPro
SmartMathPro,PACK A-Level คณิต 2 (V.เต็ม) + ภาษาอังกฤษ (V.เต็ม) + ไทย-สังคม (V.เต็ม) + TGAT (V.เต็ม),อ.ขลุ่ย
SmartMathPro,PACK A-Level คณิต 2 (V.เต็ม) + ภาษาอังกฤษ (V.เต็ม) + ไทย-สังคม (V.เต็ม) + TGAT (V.เต็ม),พี่หนู
SmartMathPro,PACK A-Level คณิต 2 (V.เต็ม) + ภาษาอังกฤษ (V.เต็ม) + ไทย-สังคม (V.เต็ม) + TGAT (V.เต็ม),ครูกอล์ฟ
SmartMathPro,PACK คณิต ม.4 เทอม 1,พี่ปั้น SmartMathPro
SmartMathPro,พิชิตความสัมพันธ์และฟังก์ชัน,พี่ปั้น SmartMathPro
SmartMathPro,PACK คณิต ม.4 เทอม 2,พี่ปั้น SmartMathPro
SmartMathPro,PACK คณิต ม.6 เทอม 1+2,พี่ปั้น SmartMathPro
SmartMathPro,พิชิต TPAT1 (พาร์ตเชาวน์ปัญญาคณิต),พี่ปั้น SmartMathPro
SmartMathPro,พิชิตเวกเตอร์,พี่ปั้น SmartMathPro
SmartMathPro,พิชิตแคลคูลัส,พี่ปั้น SmartMathPro
SmartMathPro,PACK A-Level คณิต 2 (V.เต็ม + ตะลุยโจทย์ + Mock Test Vol.1-4),พี่ปั้น SmartMathPro
SmartMathPro,พิชิตตรรกศาสตร์,พี่ปั้น SmartMathPro
SmartMathPro,"พิชิต TGAT2,3 (V.เต็ม)",พี่ปั้น SmartMathPro
SmartMathPro,"พิชิต TGAT2,3 (V.เต็ม)",อ.ขลุ่ย
SmartMathPro,PACK คณิต ม.5 เทอม 1+2 + พิชิตคณิตพื้นฐาน ม.5 + ปรับพื้นคณิตพิชิตม.ปลาย,พี่ปั้น SmartMathPro
SmartMathPro,PACK A-Level คณิต 1 (V.เต็ม) + TGAT (V.เต็ม),พี่ปั้น SmartMathPro
SmartMathPro,PACK A-Level คณิต 1 (V.เต็ม) + TGAT (V.เต็ม),อ.ขลุ่ย
SmartMathPro,PACK A-Level คณิต 1 (V.เต็ม) + TGAT (V.เต็ม),พี่หนู
SmartMathPro,พิชิต TPAT3 (V.เต็ม),พี่ปั้น SmartMathPro
SmartMathPro,พิชิต TPAT3 (V.เต็ม),พี่ฟาร์ม PhysicsFarm
SmartMathPro,PACK คณิต ม.4 เทอม 1+2,พี่ปั้น SmartMathPro
SmartMathPro,PACK คณิต ม.4 เทอม 1+2 + พิชิตคณิตพื้นฐาน ม.4,พี่ปั้น SmartMathPro
SmartMathPro,PACK A-Level คณิต 1 (V.เต็ม) + ภาษาอังกฤษ (V.เต็ม) + ไทย-สังคม (V.เต็ม) + TGAT (V.เต็ม),พี่ปั้น SmartMathPro
SmartMathPro,PACK A-Level คณิต 1 (V.เต็ม) + ภาษาอังกฤษ (V.เต็ม) + ไทย-สังคม (V.เต็ม) + TGAT (V.เต็ม),อ.ขลุ่ย
SmartMathPro,PACK A-Level คณิต 1 (V.เต็ม) + ภาษาอังกฤษ (V.เต็ม) + ไทย-สังคม (V.เต็ม) + TGAT (V.เต็ม),พี่หนู
SmartMathPro,PACK A-Level คณิต 1 (V.เต็ม) + ภาษาอังกฤษ (V.เต็ม) + ไทย-สังคม (V.เต็ม) + TGAT (V.เต็ม),ครูกอล์ฟ
SmartMathPro,"PACK A-Level คณิต 1,2 (V.เต็ม)",พี่ปั้น SmartMathPro
SmartMathPro,พิชิตสถิติและการแจกแจงความน่าจะเป็น,พี่ปั้น SmartMathPro
SmartMathPro,PACK คณิต ม.4 เทอม 1+2 + ปรับพื้นคณิตพิชิตม.ปลาย,พี่ปั้น SmartMathPro
SmartMathPro,PACK A-Level คณิต 1 (V.เต็ม),พี่ปั้น SmartMathPro
SmartMathPro,PACK A-Level ไทย-สังคม (V.รวบรัด),อ.ขลุ่ย
SmartMathPro,PACK A-Level ไทย-สังคม (V.รวบรัด),ครูกอล์ฟ
SmartMathPro,PACK A-Level คณิต 2 (V.เต็ม + Mock Test Vol.1-4),พี่ปั้น SmartMathPro
SmartMathPro,PACK คณิต ม.5 เทอม 1+2 + ปรับพื้นคณิตพิชิตม.ปลาย,พี่ปั้น SmartMathPro
SmartMathPro,PACK A-Level คณิต 1 (V.เต็ม) + ฟิสิกส์ (V.เต็ม) + ชีววิทยา (V.รวบรัด) + ภาษาอังกฤษ (V.เต็ม) + TGAT (V.เต็ม),พี่ปั้น SmartMathPro
SmartMathPro,PACK A-Level คณิต 1 (V.เต็ม) + ฟิสิกส์ (V.เต็ม) + ชีววิทยา (V.รวบรัด) + ภาษาอังกฤษ (V.เต็ม) + TGAT (V.เต็ม),อ.ขลุ่ย
SmartMathPro,PACK A-Level คณิต 1 (V.เต็ม) + ฟิสิกส์ (V.เต็ม) + ชีววิทยา (V.รวบรัด) + ภาษาอังกฤษ (V.เต็ม) + TGAT (V.เต็ม),พี่หนู
SmartMathPro,PACK A-Level คณิต 1 (V.เต็ม) + ฟิสิกส์ (V.เต็ม) + ชีววิทยา (V.รวบรัด) + ภาษาอังกฤษ (V.เต็ม) + TGAT (V.เต็ม),พี่ฟาร์ม PhysicsFarm
SmartMathPro,PACK A-Level คณิต 1 (V.เต็ม) + ฟิสิกส์ (V.เต็ม) + ชีววิทยา (V.รวบรัด) + ภาษาอังกฤษ (V.เต็ม) + TGAT (V.เต็ม),พี่หนุ่ม
SmartMathPro,พิชิต TPAT5 (V.เต็ม),ครูกอล์ฟ
SmartMathPro,พิชิตตรีโกณมิติ,พี่ปั้น SmartMathPro
SmartMathPro,พิชิตเมทริกซ์,พี่ปั้น SmartMathPro
SmartMathPro,PACK Buffet เนื้อหาคณิตม.ปลาย ม.5 – ม.6,พี่ปั้น SmartMathPro
SmartMathPro,ปรับพื้นคณิตพิชิตม.ปลาย,พี่ปั้น SmartMathPro
SmartMathPro,PACK A-Level ภาษาไทย (V.เต็ม + Mock Test Vol.1),อ.ขลุ่ย
SmartMathPro,"พิชิต A-Level คณิต 1 เล่ม 1,2",พี่ปั้น SmartMathPro
SmartMathPro,พิชิต A-Level คณิต 2 (V.เต็ม),พี่ปั้น SmartMathPro
SmartMathPro,PACK A-Level คณิต 2 (V.เต็ม + ตะลุยโจทย์) + ปรับพื้นคณิตพิชิตม.ปลาย,พี่ปั้น SmartMathPro
SmartMathPro,PACK A-Level คณิต 1 (V.เต็ม + ตะลุยโจทย์ + Mock Test Vol.1-6),พี่ปั้น SmartMathPro
SmartMathPro,พิชิตการนับและความน่าจะเป็น,พี่ปั้น SmartMathPro
SmartMathPro,PACK Buffet เนื้อหาคณิตม.ปลาย ม.5 – ม.6 + ปรับพื้นคณิตพิชิตม.ปลาย,พี่ปั้น SmartMathPro
SmartMathPro,พิชิต A-Level ภาษาอังกฤษ (V.เต็ม),พี่หนู
SmartMathPro,PACK A-Level คณิต 1 (V.เต็ม) + ชีววิทยา (V.รวบรัด),พี่ปั้น SmartMathPro
SmartMathPro,PACK A-Level คณิต 1 (V.เต็ม) + ชีววิทยา (V.รวบรัด),พี่หนุ่ม
SmartMathPro,ตะลุยข้อสอบ A-Level คณิต 2,พี่ปั้น SmartMathPro
SmartMathPro,PACK คณิต ม.5 เทอม 1+2,พี่ปั้น SmartMathPro
SmartMathPro,PACK TPAT1 (ครบ 3 พาร์ต) + A-Level คณิต 1 (V.เต็ม) + ฟิสิกส์ (V.เต็ม) + ชีววิทยา (V.รวบรัด) + ภาษาอังกฤษ (V.เต็ม) + ไทย-สังคม (V.รวบรัด),พี่ปั้น SmartMathPro
SmartMathPro,PACK TPAT1 (ครบ 3 พาร์ต) + A-Level คณิต 1 (V.เต็ม) + ฟิสิกส์ (V.เต็ม) + ชีววิทยา (V.รวบรัด) + ภาษาอังกฤษ (V.เต็ม) + ไทย-สังคม (V.รวบรัด),อ.ขลุ่ย
SmartMathPro,PACK TPAT1 (ครบ 3 พาร์ต) + A-Level คณิต 1 (V.เต็ม) + ฟิสิกส์ (V.เต็ม) + ชีววิทยา (V.รวบรัด) + ภาษาอังกฤษ (V.เต็ม) + ไทย-สังคม (V.รวบรัด),พี่หนู
SmartMathPro,PACK TPAT1 (ครบ 3 พาร์ต) + A-Level คณิต 1 (V.เต็ม) + ฟิสิกส์ (V.เต็ม) + ชีววิทยา (V.รวบรัด) + ภาษาอังกฤษ (V.เต็ม) + ไทย-สังคม (V.รวบรัด),พี่ฟาร์ม PhysicsFarm
SmartMathPro,PACK TPAT1 (ครบ 3 พาร์ต) + A-Level คณิต 1 (V.เต็ม) + ฟิสิกส์ (V.เต็ม) + ชีววิทยา (V.รวบรัด) + ภาษาอังกฤษ (V.เต็ม) + ไทย-สังคม (V.รวบรัด),ครูกอล์ฟ
SmartMathPro,PACK TPAT1 (ครบ 3 พาร์ต) + A-Level คณิต 1 (V.เต็ม) + ฟิสิกส์ (V.เต็ม) + ชีววิทยา (V.รวบรัด) + ภาษาอังกฤษ (V.เต็ม) + ไทย-สังคม (V.รวบรัด),พี่หนุ่ม
SmartMathPro,PACK TPAT1 (ครบ 3 พาร์ต) + A-Level คณิต 1 (V.เต็ม) + ฟิสิกส์ (V.เต็ม) + ชีววิทยา (V.รวบรัด) + ภาษาอังกฤษ (V.เต็ม) + ไทย-สังคม (V.รวบรัด),พี่หมออู๋
SmartMathPro,PACK A-Level ไทย-สังคม (V.เต็ม + ตะลุยโจทย์ + Mock Test Vol.1),อ.ขลุ่ย
SmartMathPro,PACK A-Level ไทย-สังคม (V.เต็ม + ตะลุยโจทย์ + Mock Test Vol.1),ครูกอล์ฟ
SmartMathPro,PACK TPAT3 (V.เต็ม) + A-Level คณิต 1 (V.เต็ม) + ฟิสิกส์ (V.เต็ม) + TGAT (V.เต็ม),พี่ปั้น SmartMathPro
SmartMathPro,PACK TPAT3 (V.เต็ม) + A-Level คณิต 1 (V.เต็ม) + ฟิสิกส์ (V.เต็ม) + TGAT (V.เต็ม),อ.ขลุ่ย
SmartMathPro,PACK TPAT3 (V.เต็ม) + A-Level คณิต 1 (V.เต็ม) + ฟิสิกส์ (V.เต็ม) + TGAT (V.เต็ม),พี่หนู
SmartMathPro,PACK TPAT3 (V.เต็ม) + A-Level คณิต 1 (V.เต็ม) + ฟิสิกส์ (V.เต็ม) + TGAT (V.เต็ม),พี่ฟาร์ม PhysicsFarm
SmartMathPro,พิชิตฟิสิกส์แผนใหม่,พี่ฟาร์ม PhysicsFarm
SmartMathPro,PACK A-Level คณิต 1 (V.เต็ม) + ภาษาอังกฤษ (V.เต็ม) + TGAT (V.เต็ม),พี่ปั้น SmartMathPro
SmartMathPro,PACK A-Level คณิต 1 (V.เต็ม) + ภาษาอังกฤษ (V.เต็ม) + TGAT (V.เต็ม),อ.ขลุ่ย
SmartMathPro,PACK A-Level คณิต 1 (V.เต็ม) + ภาษาอังกฤษ (V.เต็ม) + TGAT (V.เต็ม),พี่หนู
SmartMathPro,พิชิต A-Level สังคมศึกษา (V.เต็ม),ครูกอล์ฟ
SmartMathPro,PACK A-Level ไทย-สังคม (V.เต็ม) + TGAT (V.เต็ม),พี่ปั้น SmartMathPro
SmartMathPro,PACK A-Level ไทย-สังคม (V.เต็ม) + TGAT (V.เต็ม),อ.ขลุ่ย
SmartMathPro,PACK A-Level ไทย-สังคม (V.เต็ม) + TGAT (V.เต็ม),พี่หนู
SmartMathPro,PACK A-Level ไทย-สังคม (V.เต็ม) + TGAT (V.เต็ม),ครูกอล์ฟ
SmartMathPro,PACK Buffet เนื้อหาคณิตม.ปลาย ม.4 – ม.6 + พิชิตคณิตพื้นฐาน ม.4-6,พี่ปั้น SmartMathPro
SmartMathPro,PACK คณิต ม.6 เทอม 1+2 + พิชิตคณิตพื้นฐาน ม.6,พี่ปั้น SmartMathPro
SmartMathPro,PACK A-Level คณิต 2 (V.เต็ม) + TGAT (V.เต็ม),พี่ปั้น SmartMathPro
SmartMathPro,PACK A-Level คณิต 2 (V.เต็ม) + TGAT (V.เต็ม),อ.ขลุ่ย
SmartMathPro,PACK A-Level คณิต 2 (V.เต็ม) + TGAT (V.เต็ม),พี่หนู
SmartMathPro,PACK A-Level ไทย-สังคม (V.เต็ม + ตะลุยโจทย์),อ.ขลุ่ย
SmartMathPro,PACK A-Level ไทย-สังคม (V.เต็ม + ตะลุยโจทย์),ครูกอล์ฟ
SmartMathPro,PACK A-Level คณิต 1 (V.เต็ม) + ภาษาอังกฤษ (V.เต็ม),พี่ปั้น SmartMathPro
SmartMathPro,PACK A-Level คณิต 1 (V.เต็ม) + ภาษาอังกฤษ (V.เต็ม),พี่หนู
SmartMathPro,PACK คณิต ม.5 เทอม 1 + ปรับพื้นคณิตพิชิตม.ปลาย,พี่ปั้น SmartMathPro
SmartMathPro,PACK A-Level คณิต 1 (V.เต็ม) + ฟิสิกส์ (V.เต็ม),พี่ปั้น SmartMathPro
SmartMathPro,PACK A-Level คณิต 1 (V.เต็ม) + ฟิสิกส์ (V.เต็ม),พี่ฟาร์ม PhysicsFarm
SmartMathPro,PACK A-Level คณิต 2 (V.เต็ม + ตะลุยโจทย์),พี่ปั้น SmartMathPro
SmartMathPro,PACK A-Level ฟิสิกส์ (V.เต็ม) + ชีววิทยา (V.รวบรัด),พี่ฟาร์ม PhysicsFarm
SmartMathPro,PACK A-Level ฟิสิกส์ (V.เต็ม) + ชีววิทยา (V.รวบรัด),พี่หนุ่ม
SmartMathPro,PACK A-Level คณิต 2 (V.เต็ม + ตะลุยโจทย์) + ไทย-สังคม (V.เต็ม) + TGAT (V.เต็ม),พี่ปั้น SmartMathPro
SmartMathPro,PACK A-Level คณิต 2 (V.เต็ม + ตะลุยโจทย์) + ไทย-สังคม (V.เต็ม) + TGAT (V.เต็ม),อ.ขลุ่ย
SmartMathPro,PACK A-Level คณิต 2 (V.เต็ม + ตะลุยโจทย์) + ไทย-สังคม (V.เต็ม) + TGAT (V.เต็ม),พี่หนู
SmartMathPro,PACK A-Level คณิต 2 (V.เต็ม + ตะลุยโจทย์) + ไทย-สังคม (V.เต็ม) + TGAT (V.เต็ม),ครูกอล์ฟ
SmartMathPro,พิชิตคณิตพื้นฐาน ม.6,พี่ปั้น SmartMathPro
SmartMathPro,PACK คณิต ม.4 เทอม 1 + พิชิตคณิตพื้นฐาน ม.4,พี่ปั้น SmartMathPro
SmartMathPro,PACK Buffet เนื้อหาคณิตม.ปลาย ม.5 – ม.6 + พิชิตคณิตพื้นฐาน ม.4-6,พี่ปั้น SmartMathPro
SmartMathPro,PACK A-Level ไทย-สังคม (V.รวบรัด + Mock Test Vol.1),อ.ขลุ่ย
SmartMathPro,PACK A-Level ไทย-สังคม (V.รวบรัด + Mock Test Vol.1),ครูกอล์ฟ
SmartMathPro,PACK TPAT1 (ครบ 3 พาร์ต) + A-Level คณิต 1 (V.เต็ม),พี่ปั้น SmartMathPro
SmartMathPro,PACK TPAT1 (ครบ 3 พาร์ต) + A-Level คณิต 1 (V.เต็ม),อ.ขลุ่ย
SmartMathPro,PACK TPAT1 (ครบ 3 พาร์ต) + A-Level คณิต 1 (V.เต็ม),พี่หมออู๋
SmartMathPro,พิชิตคณิตพื้นฐาน ม.4,พี่ปั้น SmartMathPro
SmartMathPro,PACK Buffet เนื้อหาคณิตม.ปลาย ม.4 – ม.6 + ปรับพื้นคณิตพิชิตม.ปลาย,พี่ปั้น SmartMathPro
SmartMathPro,PACK พิชิตคณิตพื้นฐาน ม.4-6,พี่ปั้น SmartMathPro
SmartMathPro,PACK TPAT5 (V.เต็ม) + A-Level คณิต 1 (V.เต็ม) + TGAT (V.เต็ม),พี่ปั้น SmartMathPro
SmartMathPro,PACK TPAT5 (V.เต็ม) + A-Level คณิต 1 (V.เต็ม) + TGAT (V.เต็ม),อ.ขลุ่ย
SmartMathPro,PACK TPAT5 (V.เต็ม) + A-Level คณิต 1 (V.เต็ม) + TGAT (V.เต็ม),พี่หนู
SmartMathPro,PACK TPAT5 (V.เต็ม) + A-Level คณิต 1 (V.เต็ม) + TGAT (V.เต็ม),ครูกอล์ฟ
SmartMathPro,PACK Buffet เนื้อหาคณิตม.ปลาย ม.5 – ม.6 + พิชิตคณิตพื้นฐาน ม.4-6 + ปรับพื้นคณิตพิชิตม.ปลาย,พี่ปั้น SmartMathPro
SmartMathPro,PACK A-Level คณิต 1 (V.เต็ม) + ปรับพื้นคณิตพิชิตม.ปลาย,พี่ปั้น SmartMathPro
SmartMathPro,PACK คณิต ม.5 เทอม 2,พี่ปั้น SmartMathPro
SmartMathPro,PACK Buffet เนื้อหาคณิตม.ปลาย ม.4 – ม.6,พี่ปั้น SmartMathPro
SmartMathPro,"PACK A-Level คณิต 1,2 (V.เต็ม) + TGAT (V.เต็ม)",พี่ปั้น SmartMathPro
SmartMathPro,"PACK A-Level คณิต 1,2 (V.เต็ม) + TGAT (V.เต็ม)",อ.ขลุ่ย
SmartMathPro,"PACK A-Level คณิต 1,2 (V.เต็ม) + TGAT (V.เต็ม)",พี่หนู
SmartMathPro,PACK A-Level คณิต 1 (V.เต็ม) + ชีววิทยา (V.รวบรัด) + ภาษาอังกฤษ (V.เต็ม) + TGAT (V.เต็ม),พี่ปั้น SmartMathPro
SmartMathPro,PACK A-Level คณิต 1 (V.เต็ม) + ชีววิทยา (V.รวบรัด) + ภาษาอังกฤษ (V.เต็ม) + TGAT (V.เต็ม),อ.ขลุ่ย
SmartMathPro,PACK A-Level คณิต 1 (V.เต็ม) + ชีววิทยา (V.รวบรัด) + ภาษาอังกฤษ (V.เต็ม) + TGAT (V.เต็ม),พี่หนู
SmartMathPro,PACK A-Level คณิต 1 (V.เต็ม) + ชีววิทยา (V.รวบรัด) + ภาษาอังกฤษ (V.เต็ม) + TGAT (V.เต็ม),พี่หนุ่ม
SmartMathPro,PACK TPAT3 (V.เต็ม) + A-Level ฟิสิกส์ (V.เต็ม) + TGAT (V.เต็ม),พี่ปั้น SmartMathPro
SmartMathPro,PACK TPAT3 (V.เต็ม) + A-Level ฟิสิกส์ (V.เต็ม) + TGAT (V.เต็ม),อ.ขลุ่ย
SmartMathPro,PACK TPAT3 (V.เต็ม) + A-Level ฟิสิกส์ (V.เต็ม) + TGAT (V.เต็ม),พี่หนู
SmartMathPro,PACK TPAT3 (V.เต็ม) + A-Level ฟิสิกส์ (V.เต็ม) + TGAT (V.เต็ม),พี่ฟาร์ม PhysicsFarm
SmartMathPro,"PACK A-Level คณิต 2 (V.เต็ม + ตะลุยโจทย์) + TGAT (V.เต็ม + ตะลุยโจทย์ TGAT2,3)",พี่ปั้น SmartMathPro
SmartMathPro,"PACK A-Level คณิต 2 (V.เต็ม + ตะลุยโจทย์) + TGAT (V.เต็ม + ตะลุยโจทย์ TGAT2,3)",อ.ขลุ่ย
SmartMathPro,"PACK A-Level คณิต 2 (V.เต็ม + ตะลุยโจทย์) + TGAT (V.เต็ม + ตะลุยโจทย์ TGAT2,3)",พี่หนู
SmartMathPro,PACK คณิต ม.4 เทอม 1 + พิชิตคณิตพื้นฐาน ม.4 + ปรับพื้นคณิตพิชิตม.ปลาย,พี่ปั้น SmartMathPro
SmartMathPro,พิชิตเรขาคณิตวิเคราะห์และภาคตัดกรวย,พี่ปั้น SmartMathPro
SmartMathPro,PACK A-Level ไทย-สังคม (V.รวบรัด + ตะลุยโจทย์),อ.ขลุ่ย
SmartMathPro,PACK A-Level ไทย-สังคม (V.รวบรัด + ตะลุยโจทย์),ครูกอล์ฟ
SmartMathPro,PACK คณิต ม.5 เทอม 1 + พิชิตคณิตพื้นฐาน ม.5,พี่ปั้น SmartMathPro
SmartMathPro,PACK คณิต ม.5 เทอม 1,พี่ปั้น SmartMathPro
SmartMathPro,PACK TPAT5 (V.เต็ม) + A-Level ภาษาอังกฤษ (V.เต็ม) + ไทย-สังคม (V.เต็ม) + TGAT (V.เต็ม),พี่ปั้น SmartMathPro
SmartMathPro,PACK TPAT5 (V.เต็ม) + A-Level ภาษาอังกฤษ (V.เต็ม) + ไทย-สังคม (V.เต็ม) + TGAT (V.เต็ม),อ.ขลุ่ย
SmartMathPro,PACK TPAT5 (V.เต็ม) + A-Level ภาษาอังกฤษ (V.เต็ม) + ไทย-สังคม (V.เต็ม) + TGAT (V.เต็ม),พี่หนู
SmartMathPro,PACK TPAT5 (V.เต็ม) + A-Level ภาษาอังกฤษ (V.เต็ม) + ไทย-สังคม (V.เต็ม) + TGAT (V.เต็ม),ครูกอล์ฟ
SmartMathPro,PACK A-Level สังคมศึกษา (V.เต็ม + Mock Test Vol.1),ครูกอล์ฟ
SmartMathPro,PACK TPAT1 (ครบ 3 พาร์ต) + A-Level คณิต 1 (V.เต็ม) + ฟิสิกส์ (V.เต็ม) + ชีววิทยา (V.รวบรัด),พี่ปั้น SmartMathPro
SmartMathPro,PACK TPAT1 (ครบ 3 พาร์ต) + A-Level คณิต 1 (V.เต็ม) + ฟิสิกส์ (V.เต็ม) + ชีววิทยา (V.รวบรัด),อ.ขลุ่ย
SmartMathPro,PACK TPAT1 (ครบ 3 พาร์ต) + A-Level คณิต 1 (V.เต็ม) + ฟิสิกส์ (V.เต็ม) + ชีววิทยา (V.รวบรัด),พี่ฟาร์ม PhysicsFarm
SmartMathPro,PACK TPAT1 (ครบ 3 พาร์ต) + A-Level คณิต 1 (V.เต็ม) + ฟิสิกส์ (V.เต็ม) + ชีววิทยา (V.รวบรัด),พี่หมออู๋
SmartMathPro,พิชิตเซต,พี่ปั้น SmartMathPro
SmartMathPro,พิชิตคณิตพื้นฐาน ม.5,พี่ปั้น SmartMathPro
SmartMathPro,พิชิตจำนวนเชิงซ้อน,พี่ปั้น SmartMathPro
SmartMathPro,"PACK TPAT3 (V.เต็ม) + TGAT (V.เต็ม + ตะลุยโจทย์ TGAT2,3)",พี่ปั้น SmartMathPro
SmartMathPro,"PACK TPAT3 (V.เต็ม) + TGAT (V.เต็ม + ตะลุยโจทย์ TGAT2,3)",อ.ขลุ่ย
SmartMathPro,"PACK TPAT3 (V.เต็ม) + TGAT (V.เต็ม + ตะลุยโจทย์ TGAT2,3)",พี่หนู
SmartMathPro,"PACK TPAT3 (V.เต็ม) + TGAT (V.เต็ม + ตะลุยโจทย์ TGAT2,3)",พี่ฟาร์ม PhysicsFarm
SmartMathPro,พิชิตจำนวนจริง,พี่ปั้น SmartMathPro
SmartMathPro,พิชิต TPAT1 (พาร์ตจริยธรรมแพทย์),พี่หมออู๋
SmartMathPro,พิชิต TGAT1 (V.เต็ม),พี่หนู
SmartMathPro,PACK TPAT3 (V.เต็ม) + TGAT (V.เต็ม),พี่ปั้น SmartMathPro
SmartMathPro,PACK TPAT3 (V.เต็ม) + TGAT (V.เต็ม),อ.ขลุ่ย
SmartMathPro,PACK TPAT3 (V.เต็ม) + TGAT (V.เต็ม),พี่หนู
SmartMathPro,PACK TPAT3 (V.เต็ม) + TGAT (V.เต็ม),พี่ฟาร์ม PhysicsFarm
SmartMathPro,PACK คณิต ม.6 เทอม 1+2 + ปรับพื้นคณิตพิชิตม.ปลาย,พี่ปั้น SmartMathPro
SmartMathPro,PACK คณิต ม.5 เทอม 1 + พิชิตคณิตพื้นฐาน ม.5 + ปรับพื้นคณิตพิชิตม.ปลาย,พี่ปั้น SmartMathPro
SmartMathPro,PACK TGAT (V.เต็ม),พี่ปั้น SmartMathPro
SmartMathPro,PACK TGAT (V.เต็ม),อ.ขลุ่ย
SmartMathPro,PACK TGAT (V.เต็ม),พี่หนู
SmartMathPro,พิชิต A-Level ภาษาไทย (V.เต็ม),อ.ขลุ่ย
SmartMathPro,"PACK A-Level คณิต 1,2 (V.เต็ม + ตะลุยโจทย์)",พี่ปั้น SmartMathPro
SmartMathPro,PACK คณิต ม.5 เทอม 2 + คณิต ม.6 เทอม 1+2,พี่ปั้น SmartMathPro
SmartMathPro,PACK TPAT1 (ครบ 3 พาร์ต) + TGAT (V.เต็ม),พี่ปั้น SmartMathPro
SmartMathPro,PACK TPAT1 (ครบ 3 พาร์ต) + TGAT (V.เต็ม),อ.ขลุ่ย
SmartMathPro,PACK TPAT1 (ครบ 3 พาร์ต) + TGAT (V.เต็ม),พี่หนู
SmartMathPro,PACK TPAT1 (ครบ 3 พาร์ต) + TGAT (V.เต็ม),พี่หมออู๋
OnDemand,English TCAS Success (For Dek 70),ชนิดา กิตติธนศรี (พี่แนนนิ)
OnDemand,"PACK ติวเข้ม สุดฮิตพิชิตแพทย์ 6 วิชา ฟิสิกส์, คณิต, ชีวะ, เคมี,ภาษาอังกฤษ, TPAT1",พี่แท็ป พี่เต้ย พี่เกรท พี่เฟรนด์ พี่เคน พี่วิเวียน พี่แนน พี่แมน พี่ป๊อป
OnDemand,UpSkill ฟิสิกส์ A-Level,พี่เต้ย พี่เกรท ออนดีมานด์
OnDemand,Pack Biology TCAS DEK'70,นพ.วีรวัช เอนกจำนงค์พร (พี่วิเวียน)
OnDemand,Davance: คอร์ส TURBO สรุป ไทย+สังคม,อาจารย์ปิง
OnDemand,"PACK All TGAT 3 Part (TGAT 1, TGAT2, TGAT3)",พี่แท็ป พี่แมน พี่โดนัท พี่แนนนิ
OnDemand,"Pack UpSkill TCAS 4 วิชา (ฟิสิกส์, เคมี, ชีวะ, คณิต)",พี่แท็ป พี่เต้ย พี่เกรท พี่เคน พี่วิเวียน
OnDemand,Pack เคมี TCAS + Upskill เคมี A-Level (Dek 70),เคน อรรถเวชกุล (พี่เคน)
OnDemand,Pack V-Series Physics TCAS DEK'70,พี่เต้ย | พี่เกรท | พี่เฟรนด์ ออนดีมานด์
OnDemand,"PACK ติวเข้ม + Upskill ตะลุยโจทย์คณิตศาสตร์เข้าเตรียมอุดม (8114, 8116)",พี่แท็ป พี่ป่าน
OnDemand,"PACK TCAS 5 วิชา (คณิต, ฟิสิกส์, เคมี, ชีวะ, ภาษาอังกฤษ)",พี่แท็ป พี่เต้ย พี่เกรท พี่เฟรนด์ พี่เคน พี่วิเวียน พี่แนนนิ
OnDemand,Pack กลุ่มพื้นฐานชีววิทยา,นพ.วีรวัช เอนกจำนงค์พร (พี่วิเวียน)
OnDemand,PACK MATH ADMISSIONS TCAS (8303-8307) (For Dek70),พี่แท็ป
OnDemand,Upskill A-Level English,พี่แนนนิ
OnDemand,Upskill เคมี A-Level (Dek 69),พี่เคน อรรถเวชกุล
OnDemand,Pack สุดฮิต UpSkill 3 วิชา (ฟิสิกส์ เลข ชีวะ),พี่เต้ย พี่เกรท พี่เฟรนด์ พี่แท็ป พี่วิเวียน
OnDemand,"Pack ติวเข้ม สุดฮิตพิชิตสายวิทย์สุขภาพ 6 วิชา ฟิสิกส์, คณิต, ชีวะ, เคมี, TPAT1, TGAT",พี่แท็ป พี่เต้ย พี่เกรท พี่เฟรนด์ พี่เคน พี่วิเวียน พี่แนน พี่แมน พี่โดนัท พี่ป๊อป
OnDemand,Pack TCAS + UpSkill คณิต A-level Dek 70,พี่แท็ป
OnDemand,Pack ติวเข้มความถนัดแพทย์ Dek'70,พี่วิเวียน พี่แท็ป พี่แมน และพี่ป็อป
OnDemand,Pack Biology TCAS + UpSkill ชีววิทยา A-Level (Dek 70),นพ.วีรวัช เอนกจำนงค์พร (พี่วิเวียน)
OnDemand,Pack ติวเข้ม ตะลุยโจทย์ภาษาอังกฤษสอบเข้า ม.4 รร.เตรียมอุดม และ โรงเรียนแข่งขันสูง,ชนิดา กิตติธนศรี (พี่แนน)
OnDemand,UpSkill ชีววิทยา A-Level,นพ.วีรวัช เอนกจำนงค์พร (พี่วิเวียน)
OnDemand,"PACK ติวเข้ม สุดฮิตพิชิตแพทย์ 5 วิชา ฟิสิกส์, ชีวะ, เคมี, คณิต, TPAT1",พี่แท็ป พี่เต้ย พี่เกรท พี่เฟรนด์ พี่เคน พี่วิเวียน พี่แมน พี่ป๊อป
OnDemand,Pack เคมี TCAS (เล่ม 1-5) (Dek70),เคน อรรถเวชกุล (พี่เคน)
OnDemand,Pack จับคู่ UpSkill 2 วิชา (เลข ฟิสิกส์),พี่แท็ป พี่เต้ย พี่เกรท
OnDemand,Upskill คณิตศาสตร์ประยุกต์ 1 A-Level (พื้นฐาน+เพิ่มเติม),พี่แท็ป
OnDemand,Pack กลุ่มอะตอม ตารางธาตุ และพันธะเคมี,พี่เคน
OnDemand,"PACK คณิตศาสตร์ ม.4 เทอม 1 รร.เตรียมอุดมฯ (8201,8",พี่แท็ป พี่โดนัท
OnDemand,Pack Essential ปูพื้นฐานภาษาอังกฤษ ม.ปลาย (Course,ชนิดา กิตติธนศรี (พี่แนน) และ กุลภรณ์ มหามิตรานนท์ (พี่เอมี่)
OnDemand,Pack จับคู่ UpSkill 2 วิชา (ชีวะ เคมี),พี่วิเวียน พี่เคน
OnDemand,"Pack English TCAS + Upskill (P3009, P2033) Dek 70",ชนิดา กิตติธนศรี (พี่แนนนิ)
OnDemand,Pack Simulation ความถนัดแพทย์ พาร์ทเชื่อมโยง และ พาร์ทเชาวน์ไทย,พี่วิเวียน พี่แท็ป พี่แมน
OnDemand,Pack V-Series Physics TCAS + Upskill ฟิสิกส์ A-Level (Dek70),พี่เต้ย พี่เกรท พี่เฟรนด์ ออนดีมานด์
OnDemand,Upskill ความถนัดแพทย์ พาร์ทเชาว์ปัญญา จับใจความ เชื่อมโยง และจริยธรรมแพทย์,พี่วิเวียน พี่แท็ป พี่แมน และพี่ป็อป
OnDemand,Pack ติวเข้มความถนัดแพทย์ และ Upskill ความถนัดแพทย์ Dek'70,พี่วิเวียน พี่แท็ป พี่แมน และพี่ป็อป
WE By The Brain,"สถิติฉบับสมบูรณ์, ตัวแปรสุ่ม และการแจกแจงความน่าจะเป็น",อ.วิเศษ กี่สุขพันธ์ (พี่เอ๋)
WE By The Brain,พืช A-Level,ดร.ณัฐชัย เก่งพิพัฒน์ (พี่บิ๊ก)
WE By The Brain,"คณิตศาสตร์ ม.6 กลุ่ม C (สถิติฉบับสมบูรณ์, ตัวแปรสุ่ม และการแจกแจงความน่าจะเป็น+ลำดับและอนุกรม+แคลคูลัส)",อ.ชวลิต กุลกีรติการ (พี่กอล์ฟ)
WE By The Brain,"คณิตศาสตร์ ม.6 กลุ่ม C (สถิติฉบับสมบูรณ์, ตัวแปรสุ่ม และการแจกแจงความน่าจะเป็น+ลำดับและอนุกรม+แคลคูลัส)",อ.วิเศษ กี่สุขพันธ์ (พี่เอ๋)
WE By The Brain,ฉันทลักษณ์ของร้อยกรองไทย,อ.สุรเชษฐ์ พิชิตพงศ์เผ่า (พี่ยู)
WE By The Brain,ฟังก์ชันตรีโกณมิติ,อ.มนตรี นิรมิตศิริพงศ์ (พี่ช้าง)
WE By The Brain,ฟังก์ชันตรีโกณมิติ,อ.สิทธิเดช เลนุกูล (พี่ภูมิ)
WE By The Brain,TGAT2 การคิดอย่างมีเหตุผล,อ.ชวลิต กุลกีรติการ (พี่กอล์ฟ)
WE By The Brain,TGAT2 การคิดอย่างมีเหตุผล,อ.วิเศษ กี่สุขพันธ์ (พี่เอ๋)
WE By The Brain,TGAT2 การคิดอย่างมีเหตุผล,อ.สิทธิเดช เลนุกูล (พี่ภูมิ)
WE By The Brain,TGAT2 การคิดอย่างมีเหตุผล,อ.สุรเชษฐ์ พิชิตพงศ์เผ่า (พี่ยู)
WE By The Brain,ความหลากหลายทางชีวภาพ,ดร.ณัฐชัย เก่งพิพัฒน์ (พี่บิ๊ก)
WE By The Brain,ชีววิทยา ม.6 เทอม 2 รวมทุกบท (กลุ่มความหลากหลายทางชีวภาพและระบบนิเวศ),ดร.ณัฐชัย เก่งพิพัฒน์ (พี่บิ๊ก)
WE By The Brain,ระบบนิเวศ,ดร.ณัฐชัย เก่งพิพัฒน์ (พี่บิ๊ก)
WE By The Brain,ฟังก์ชันเอกซ์โพเนนเชียลและลอการิทึม,อ.ชวลิต กุลกีรติการ (พี่กอล์ฟ)
WE By The Brain,การสืบพันธุ์ของพืชดอก,ผศ. ดร. เอกพันธ์ ไกรจักร์ (พี่เบียร์)
WE By The Brain,WAVES A-Level,ดร.ธนัชพร วงศ์เวียน (พี่ลูกตาล)
WE By The Brain,พื้นฐานทางชีววิทยา A-Level,ดร.ณัฐชัย เก่งพิพัฒน์ (พี่บิ๊ก)
WE By The Brain,การถ่ายทอดทางพันธุกรรม,ดร.ณัฐชัย เก่งพิพัฒน์ (พี่บิ๊ก)
WE By The Brain,การรักษาดุลยภาพในร่างกายสัตว์ A-Level,ดร.ณัฐชัย เก่งพิพัฒน์ (พี่บิ๊ก)
WE By The Brain,HEAT & MATTER A-Level,ดร.ธนัชพร วงศ์เวียน (พี่ลูกตาล)
WE By The Brain,การสังเคราะห์ด้วยแสง,ดร.ณัฐชัย เก่งพิพัฒน์ (พี่บิ๊ก)
WE By The Brain,GRAMMAR POWER-UP,ดร.สมิตา หมวดทอง (พี่นุ้ย)
WE By The Brain,คำ ความหมาย ชนิดและหน้าที่ของคำ,อ.สุรเชษฐ์ พิชิตพงศ์เผ่า (พี่ยู)
WE By The Brain,โครงสร้างพืช และการเจริญเติบโตของพืช,ผศ. ดร. เอกพันธ์ ไกรจักร์ (พี่เบียร์)
WE By The Brain,FAST TRACK คณิต ม.4 เทอม 1,อ.ชวลิต กุลกีรติการ (พี่กอล์ฟ)
WE By The Brain,FAST TRACK คณิต ม.4 เทอม 1,อ.วิเศษ กี่สุขพันธ์ (พี่เอ๋)
WE By The Brain,FAST TRACK คณิต ม.4 เทอม 1,อ.สิทธิเดช เลนุกูล (พี่ภูมิ)
WE By The Brain,ชีววิทยา ม.6 เทอม 1 รวมทุกบท (กลุ่มการประสานงานของสัตว์),ดร.ณัฐชัย เก่งพิพัฒน์ (พี่บิ๊ก)
WE By The Brain,ฟิสิกส์ ม.4 เทอม 1 รวมทุกบท,ดร.ธนัชพร วงศ์เวียน (พี่ลูกตาล)
WE By The Brain,ทักษะภาษา,อ.สุรเชษฐ์ พิชิตพงศ์เผ่า (พี่ยู)
WE By The Brain,วิทยาศาสตร์ชีวภาพ,ดร.ณัฐชัย เก่งพิพัฒน์ (พี่บิ๊ก)
WE By The Brain,การเคลื่อนที่แนวโค้ง,ดร.ธนัชพร วงศ์เวียน (พี่ลูกตาล)
WE By The Brain,ความสัมพันธ์และฟังก์ชัน,อ.วิเศษ กี่สุขพันธ์ (พี่เอ๋)
WE By The Brain,ELECTRICITY A-Level,ดร.ธนัชพร วงศ์เวียน (พี่ลูกตาล)
WE By The Brain,ภาษาไทย ม.ปลาย เนื้อหาคอร์สเรียน ชุดที่5,อ.สุรเชษฐ์ พิชิตพงศ์เผ่า (พี่ยู)
WE By The Brain,เคมี ม. 4 เทอม 1 รวมทุกบท,ดร.ธนพงษ์ กรีธาดำรงเดช (ครูบิ๊ก)
WE By The Brain,Mock Exam A-Level คณิตศาสตร์ประยุกต์ 1,อ.มนตรี นิรมิตศิริพงศ์ (พี่ช้าง)
WE By The Brain,Mock Exam A-Level คณิตศาสตร์ประยุกต์ 1,อ.ชวลิต กุลกีรติการ (พี่กอล์ฟ)
WE By The Brain,Mock Exam A-Level คณิตศาสตร์ประยุกต์ 1,อ.วิเศษ กี่สุขพันธ์ (พี่เอ๋)
WE By The Brain,Mock Exam A-Level คณิตศาสตร์ประยุกต์ 1,อ.สิทธิเดช เลนุกูล (พี่ภูมิ)
WE By The Brain,ชีววิทยา A-Level รวมทุกบท,ดร.ณัฐชัย เก่งพิพัฒน์ (พี่บิ๊ก)
WE By The Brain,"คณิตศาสตร์ ม.6 กลุ่ม A (สถิติฉบับสมบูรณ์, ตัวแปรสุ่ม และการแจกแจงความน่าจะเป็น+แคลคูลัส )",อ.ชวลิต กุลกีรติการ (พี่กอล์ฟ)
WE By The Brain,"คณิตศาสตร์ ม.6 กลุ่ม A (สถิติฉบับสมบูรณ์, ตัวแปรสุ่ม และการแจกแจงความน่าจะเป็น+แคลคูลัส )",อ.วิเศษ กี่สุขพันธ์ (พี่เอ๋)
WE By The Brain,ชีววิทยา ม.5 เทอม 1 รวมทุกบท (กลุ่มพืช),ดร.ณัฐชัย เก่งพิพัฒน์ (พี่บิ๊ก)
WE By The Brain,ชีววิทยา ม.5 เทอม 1 รวมทุกบท (กลุ่มพืช),ผศ. ดร. เอกพันธ์ ไกรจักร์ (พี่เบียร์)
WE By The Brain,วิทยาศาสตร์พื้นฐาน ม.ปลาย,ดร.ธนัชพร วงศ์เวียน (พี่ลูกตาล)
WE By The Brain,วิทยาศาสตร์พื้นฐาน ม.ปลาย,ดร.ณัฐชัย เก่งพิพัฒน์ (พี่บิ๊ก)
WE By The Brain,TPAT3 ความถนัดด้านวิทยาศาสตร์ เทคโนโลยี และวิศวกรรมศาสตร์,อ.ชวลิต กุลกีรติการ (พี่กอล์ฟ)
WE By The Brain,TPAT3 ความถนัดด้านวิทยาศาสตร์ เทคโนโลยี และวิศวกรรมศาสตร์,อ.วิเศษ กี่สุขพันธ์ (พี่เอ๋)
WE By The Brain,TPAT3 ความถนัดด้านวิทยาศาสตร์ เทคโนโลยี และวิศวกรรมศาสตร์,อ.สิทธิเดช เลนุกูล (พี่ภูมิ)
WE By The Brain,TPAT3 ความถนัดด้านวิทยาศาสตร์ เทคโนโลยี และวิศวกรรมศาสตร์,ดร.ธนัชพร วงศ์เวียน (พี่ลูกตาล)
WE By The Brain,TPAT3 ความถนัดด้านวิทยาศาสตร์ เทคโนโลยี และวิศวกรรมศาสตร์,ดร.ณัฐชัย เก่งพิพัฒน์ (พี่บิ๊ก)
WE By The Brain,234 Math Boost Up ตะลุยโจทย์ คณิต 1 A-Level,อ.มนตรี นิรมิตศิริพงศ์ (พี่ช้าง)
WE By The Brain,234 Math Boost Up ตะลุยโจทย์ คณิต 1 A-Level,อ.ชวลิต กุลกีรติการ (พี่กอล์ฟ)
WE By The Brain,234 Math Boost Up ตะลุยโจทย์ คณิต 1 A-Level,อ.วิเศษ กี่สุขพันธ์ (พี่เอ๋)
WE By The Brain,234 Math Boost Up ตะลุยโจทย์ คณิต 1 A-Level,อ.สิทธิเดช เลนุกูล (พี่ภูมิ)
WE By The Brain,วิทยาศาสตร์กายภาพ - เคมี,ดร.ณัฐชัย เก่งพิพัฒน์ (พี่บิ๊ก)
WE By The Brain,สำนวนไทย,อ.สุรเชษฐ์ พิชิตพงศ์เผ่า (พี่ยู)
WE By The Brain,ประชากรสิ่งมีชีวิต,ดร.ณัฐชัย เก่งพิพัฒน์ (พี่บิ๊ก)
WE By The Brain,ไฟฟ้ากระแส,ดร.ธนัชพร วงศ์เวียน (พี่ลูกตาล)
WE By The Brain,ฟิสิกส์ ม.5 เทอม 1 รวมทุกบท,ดร.ธนัชพร วงศ์เวียน (พี่ลูกตาล)
WE By The Brain,เสียงและอักษรแทนเสียงในภาษาไทย,อ.สุรเชษฐ์ พิชิตพงศ์เผ่า (พี่ยู)
WE By The Brain,คณิตศาสตร์ 1 A-Level รวมทุกบท,อ.มนตรี นิรมิตศิริพงศ์ (พี่ช้าง)
WE By The Brain,คณิตศาสตร์ 1 A-Level รวมทุกบท,อ.ชวลิต กุลกีรติการ (พี่กอล์ฟ)
WE By The Brain,คณิตศาสตร์ 1 A-Level รวมทุกบท,อ.วิเศษ กี่สุขพันธ์ (พี่เอ๋)
WE By The Brain,คณิตศาสตร์ 1 A-Level รวมทุกบท,อ.สิทธิเดช เลนุกูล (พี่ภูมิ)
WE By The Brain,เมทริกซ์,อ.ชวลิต กุลกีรติการ (พี่กอล์ฟ)
WE By The Brain,วิทยาศาสตร์โลกและอวกาศ,ดร.ณัฐชัย เก่งพิพัฒน์ (พี่บิ๊ก)
WE By The Brain,หลักการใช้ภาษา,อ.สุรเชษฐ์ พิชิตพงศ์เผ่า (พี่ยู)
WE By The Brain,ลำดับและอนุกรม,อ.วิเศษ กี่สุขพันธ์ (พี่เอ๋)
WE By The Brain,TGAT3 สมรรถนะการทำงาน,อ.วิเศษ กี่สุขพันธ์ (พี่เอ๋)
WE By The Brain,TGAT3 สมรรถนะการทำงาน,อ.สุรเชษฐ์ พิชิตพงศ์เผ่า (พี่ยู)
WE By The Brain,หลักการนับเบื้องต้นและความน่าจะเป็น,อ.ชวลิต กุลกีรติการ (พี่กอล์ฟ)
WE By The Brain,เวกเตอร์,อ.วิเศษ กี่สุขพันธ์ (พี่เอ๋)
WE By The Brain,กลุ่ม E สมบัติสาร รวมทุกบท,ดร.ธนัชพร วงศ์เวียน (พี่ลูกตาล)
WE By The Brain,เซต,อ.สิทธิเดช เลนุกูล (พี่ภูมิ)
WE By The Brain,ธรรมชาติและพัฒนาการทางฟิสิกส์,ดร.ธนัชพร วงศ์เวียน (พี่ลูกตาล)
WE By The Brain,ภาษาไทย A-Level รวมทุกบท,อ.สุรเชษฐ์ พิชิตพงศ์เผ่า (พี่ยู)
WE By The Brain,ชีววิทยา ม.5 เทอม 2 รวมทุกบท (กลุ่มรักษาดุลยภาพของสัตว์),ดร.ณัฐชัย เก่งพิพัฒน์ (พี่บิ๊ก)
WE By The Brain,ชีววิทยา ม.5 เทอม 2 รวมทุกบท (กลุ่มรักษาดุลยภาพของสัตว์),ผศ. ดร. เอกพันธ์ ไกรจักร์ (พี่เบียร์)
WE By The Brain,เสียง,ดร.ธนัชพร วงศ์เวียน (พี่ลูกตาล)
WE By The Brain,TGAT ความถนัดทั่วไป,อ.ชวลิต กุลกีรติการ (พี่กอล์ฟ)
WE By The Brain,TGAT ความถนัดทั่วไป,อ.วิเศษ กี่สุขพันธ์ (พี่เอ๋)
WE By The Brain,TGAT ความถนัดทั่วไป,อ.สิทธิเดช เลนุกูล (พี่ภูมิ)
WE By The Brain,TGAT ความถนัดทั่วไป,อ.สุรเชษฐ์ พิชิตพงศ์เผ่า (พี่ยู)
WE By The Brain,TGAT ความถนัดทั่วไป,ดร.สมิตา หมวดทอง (พี่นุ้ย)
WE By The Brain,คู่หู Duo Set คณิต ม.4 เทอม 1+2,อ.ชวลิต กุลกีรติการ (พี่กอล์ฟ)
WE By The Brain,คู่หู Duo Set คณิต ม.4 เทอม 1+2,อ.วิเศษ กี่สุขพันธ์ (พี่เอ๋)
WE By The Brain,คู่หู Duo Set คณิต ม.4 เทอม 1+2,อ.สิทธิเดช เลนุกูล (พี่ภูมิ)
WE By The Brain,คณิตศาสตร์ ม.6 กลุ่ม B (ลำดับและอนุกรม+แคลคูลัส),อ.ชวลิต กุลกีรติการ (พี่กอล์ฟ)
WE By The Brain,คณิตศาสตร์ ม.6 กลุ่ม B (ลำดับและอนุกรม+แคลคูลัส),อ.วิเศษ กี่สุขพันธ์ (พี่เอ๋)
WE By The Brain,ระบบฮอร์โมน,ดร.ณัฐชัย เก่งพิพัฒน์ (พี่บิ๊ก)
WE By The Brain,การเคลื่อนที่แนวตรง,ดร.ธนัชพร วงศ์เวียน (พี่ลูกตาล)
WE By The Brain,ติวเข้ม+ตะลุยโจทย์ ภาษาไทย A-Level,อ.สุรเชษฐ์ พิชิตพงศ์เผ่า (พี่ยู)
WE By The Brain,ไฟฟ้าสถิต,ดร.ธนัชพร วงศ์เวียน (พี่ลูกตาล)
WE By The Brain,ระบบภูมิคุ้มกัน,ดร.ณัฐชัย เก่งพิพัฒน์ (พี่บิ๊ก)
WE By The Brain,ระบบเลือด และน้ำเหลือง,ดร.ณัฐชัย เก่งพิพัฒน์ (พี่บิ๊ก)
WE By The Brain,การลำเลียงสารของพืช,ดร.ณัฐชัย เก่งพิพัฒน์ (พี่บิ๊ก)
WE By The Brain,ความร้อนและแก๊ส,ดร.ธนัชพร วงศ์เวียน (พี่ลูกตาล)
WE By The Brain,งานและพลังงาน,ดร.ธนัชพร วงศ์เวียน (พี่ลูกตาล)
WE By The Brain,พฤติกรรมของสัตว์,ดร.ณัฐชัย เก่งพิพัฒน์ (พี่บิ๊ก)
WE By The Brain,ฟิสิกส์ ม.5 เทอม 2 รวมทุกบท,ดร.ธนัชพร วงศ์เวียน (พี่ลูกตาล)
WE By The Brain,Intensive BIO A-Level ติวเข้ม + ตะลุยโจทย์ ชีววิทยา A-Level,ดร.ณัฐชัย เก่งพิพัฒน์ (พี่บิ๊ก)
WE By The Brain,เทคโนโลยีชีวภาพ,ดร.ณัฐชัย เก่งพิพัฒน์ (พี่บิ๊ก)
WE By The Brain,โวหารการเขียน,อ.สุรเชษฐ์ พิชิตพงศ์เผ่า (พี่ยู)
WE By The Brain,เคมี ม. 5 เทอม 2 รวมทุกบท,ดร.ธนพงษ์ กรีธาดำรงเดช (ครูบิ๊ก)
WE By The Brain,แคลคูลัส,อ.ชวลิต กุลกีรติการ (พี่กอล์ฟ)
WE By The Brain,ความรู้ทั่วไปเกี่ยวกับภาษา,อ.สุรเชษฐ์ พิชิตพงศ์เผ่า (พี่ยู)
WE By The Brain,จำนวนเชิงซ้อน,อ.มนตรี นิรมิตศิริพงศ์ (พี่ช้าง)
WE By The Brain,101 POSN ตะลุยโจทย์คณิตศาสตร์ สอวน. เพื่อสอบเข้า ค่าย 1,อ.ชวลิต กุลกีรติการ (พี่กอล์ฟ)
WE By The Brain,101 POSN ตะลุยโจทย์คณิตศาสตร์ สอวน. เพื่อสอบเข้า ค่าย 1,อ.วิเศษ กี่สุขพันธ์ (พี่เอ๋)
WE By The Brain,101 POSN ตะลุยโจทย์คณิตศาสตร์ สอวน. เพื่อสอบเข้า ค่าย 1,อ.สิทธิเดช เลนุกูล (พี่ภูมิ)
WE By The Brain,ภาษาไทย ม.ปลาย เนื้อหาคอร์สเรียน ชุดที่1,อ.สุรเชษฐ์ พิชิตพงศ์เผ่า (พี่ยู)
WE By The Brain,แรงและกฎการเคลื่อนที่,ดร.ธนัชพร วงศ์เวียน (พี่ลูกตาล)
WE By The Brain,ระบบนิเวศ A-Level,ดร.ณัฐชัย เก่งพิพัฒน์ (พี่บิ๊ก)
WE By The Brain,MODERN PHYSICS A-Level,ดร.ธนัชพร วงศ์เวียน (พี่ลูกตาล)
WE By The Brain,ติวเข้ม+ตะลุยโจทย์ ชีววิทยา สอวน.,ดร.ณัฐชัย เก่งพิพัฒน์ (พี่บิ๊ก)
WE By The Brain,ตรรกศาสตร์,อ.ชวลิต กุลกีรติการ (พี่กอล์ฟ)
WE By The Brain,เคมี ม. 6 รวมทุกบท,ดร.ธนพงษ์ กรีธาดำรงเดช (ครูบิ๊ก)
WE By The Brain,เคมี ม. 4 เทอม 2 รวมทุกบท,ดร.ธนพงษ์ กรีธาดำรงเดช (ครูบิ๊ก)
WE By The Brain,โมเมนตัมและการชน,ดร.ธนัชพร วงศ์เวียน (พี่ลูกตาล)
WE By The Brain,การเคลื่อนที่แบบฮาร์มอนิกอย่างง่าย,ดร.ธนัชพร วงศ์เวียน (พี่ลูกตาล)
WE By The Brain,แสงเชิงคลื่น,ดร.ธนัชพร วงศ์เวียน (พี่ลูกตาล)
WE By The Brain,พื้นฐานทางชีววิทยา,ดร.ณัฐชัย เก่งพิพัฒน์ (พี่บิ๊ก)
WE By The Brain,ตะลุยโจทย์ เคมี A-Level,ดร.ธนพงษ์ กรีธาดำรงเดช (ครูบิ๊ก)
WE By The Brain,BIO A-Level Survival ตะลุยโจทย์ ชีววิทยา A-Level,ดร.ณัฐชัย เก่งพิพัฒน์ (พี่บิ๊ก)
WE By The Brain,เคมี ม. 5 เทอม 1 รวมทุกบท,ดร.ธนพงษ์ กรีธาดำรงเดช (ครูบิ๊ก)
WE By The Brain,ระบบสืบพันธุ์และการเจริญเติบโตของสัตว์,ดร.ณัฐชัย เก่งพิพัฒน์ (พี่บิ๊ก)
WE By The Brain,ตะลุยโจทย์ คณิตศาสตร์ประยุกต์ 2 A-Level,อ.ชวลิต กุลกีรติการ (พี่กอล์ฟ)
WE By The Brain,ตะลุยโจทย์ คณิตศาสตร์ประยุกต์ 2 A-Level,อ.วิเศษ กี่สุขพันธ์ (พี่เอ๋)
WE By The Brain,ตะลุยโจทย์ คณิตศาสตร์ประยุกต์ 2 A-Level,อ.สิทธิเดช เลนุกูล (พี่ภูมิ)
WE By The Brain,VOCAB ESSENTIALS,ดร.สมิตา หมวดทอง (พี่นุ้ย)
WE By The Brain,การแบ่งเซลล์,ดร.ณัฐชัย เก่งพิพัฒน์ (พี่บิ๊ก)
WE By The Brain,โครงสร้างพยางค์ในภาษาไทย,อ.สุรเชษฐ์ พิชิตพงศ์เผ่า (พี่ยู)
WE By The Brain,ชีววิทยา ม.4 เทอม 2 รวมทุกบท (กลุ่มพันธุศาสตร์ และวิวัฒนาการ),ดร.ณัฐชัย เก่งพิพัฒน์ (พี่บิ๊ก)
WE By The Brain,การตอบสนองต่อสิ่งเร้าของพืช,ผศ. ดร. เอกพันธ์ ไกรจักร์ (พี่เบียร์)
WE By The Brain,ฟิสิกส์ A-Level รวมทุกบท,ดร.ธนัชพร วงศ์เวียน (พี่ลูกตาล)
WE By The Brain,คณิตศาสตร์ ม.5 เทอม 2 รวมทุกบท,อ.มนตรี นิรมิตศิริพงศ์ (พี่ช้าง)
WE By The Brain,คณิตศาสตร์ ม.5 เทอม 2 รวมทุกบท,อ.ชวลิต กุลกีรติการ (พี่กอล์ฟ)
WE By The Brain,ระบบย่อยอาหาร,ดร.ณัฐชัย เก่งพิพัฒน์ (พี่บิ๊ก)
WE By The Brain,คณิตศาสตร์ ม.5 เทอม 1 กลุ่ม A รวมทุกบท,อ.มนตรี นิรมิตศิริพงศ์ (พี่ช้าง)
WE By The Brain,คณิตศาสตร์ ม.5 เทอม 1 กลุ่ม A รวมทุกบท,อ.ชวลิต กุลกีรติการ (พี่กอล์ฟ)
WE By The Brain,คณิตศาสตร์ ม.5 เทอม 1 กลุ่ม A รวมทุกบท,อ.วิเศษ กี่สุขพันธ์ (พี่เอ๋)
WE By The Brain,คณิตศาสตร์ ม.5 เทอม 1 กลุ่ม A รวมทุกบท,อ.สิทธิเดช เลนุกูล (พี่ภูมิ)
WE By The Brain,MECHANICS 2 A-Level,ดร.ธนัชพร วงศ์เวียน (พี่ลูกตาล)
WE By The Brain,คลื่น,ดร.ธนัชพร วงศ์เวียน (พี่ลูกตาล)
WE By The Brain,ระดับภาษา,อ.สุรเชษฐ์ พิชิตพงศ์เผ่า (พี่ยู)
WE By The Brain,ความงามทางภาษาในงานประพันธ์,อ.สุรเชษฐ์ พิชิตพงศ์เผ่า (พี่ยู)
WE By The Brain,ราชาศัพท์,อ.สุรเชษฐ์ พิชิตพงศ์เผ่า (พี่ยู)
WE By The Brain,กลุ่ม D ไฟฟ้า รวมทุกบท,ดร.ธนัชพร วงศ์เวียน (พี่ลูกตาล)
WE By The Brain,ปฏิกิริยาเคมีของสิ่งมีชีวิต,ดร.ณัฐชัย เก่งพิพัฒน์ (พี่บิ๊ก)
WE By The Brain,ระบบขับถ่าย และการรักษาดุลยภาพของสัตว์,ผศ. ดร. เอกพันธ์ ไกรจักร์ (พี่เบียร์)
WE By The Brain,ฟิสิกส์ ม.4 เทอม 2 รวมทุกบท,ดร.ธนัชพร วงศ์เวียน (พี่ลูกตาล)
WE By The Brain,วิวัฒนาการ,ดร.ณัฐชัย เก่งพิพัฒน์ (พี่บิ๊ก)
WE By The Brain,แม่เหล็กและไฟฟ้า,ดร.ธนัชพร วงศ์เวียน (พี่ลูกตาล)
WE By The Brain,ภาษาแสดงความคิด,อ.สุรเชษฐ์ พิชิตพงศ์เผ่า (พี่ยู)
WE By The Brain,ระบบจำนวนจริง,อ.วิเศษ กี่สุขพันธ์ (พี่เอ๋)
WE By The Brain,แสงเชิงรังสี,ดร.ธนัชพร วงศ์เวียน (พี่ลูกตาล)
WE By The Brain,คณิตศาสตร์ ม.4 เทอม 2 กลุ่ม A รวมทุกบท,อ.ชวลิต กุลกีรติการ (พี่กอล์ฟ)
WE By The Brain,คณิตศาสตร์ ม.4 เทอม 2 กลุ่ม A รวมทุกบท,อ.วิเศษ กี่สุขพันธ์ (พี่เอ๋)
WE By The Brain,คณิตศาสตร์ ม.4 เทอม 2 กลุ่ม A รวมทุกบท,อ.สิทธิเดช เลนุกูล (พี่ภูมิ)
WE By The Brain,ภาษาอังกฤษ A-Level รวมทุกบท,ดร.สมิตา หมวดทอง (พี่นุ้ย)
WE By The Brain,READING BOOSTER,ดร.สมิตา หมวดทอง (พี่นุ้ย)
WE By The Brain,คณิตศาสตร์ ม.4 เทอม 2 กลุ่ม B รวมทุกบท,อ.ชวลิต กุลกีรติการ (พี่กอล์ฟ)
WE By The Brain,คณิตศาสตร์ ม.4 เทอม 2 กลุ่ม B รวมทุกบท,อ.วิเศษ กี่สุขพันธ์ (พี่เอ๋)
WE By The Brain,คณิตศาสตร์ ม.4 เทอม 2 กลุ่ม B รวมทุกบท,อ.สิทธิเดช เลนุกูล (พี่ภูมิ)
WE By The Brain,ชีววิทยา ม.4 เทอม 1 รวมทุกบท (กลุ่มพื้นฐานชีววิทยา),ดร.ณัฐชัย เก่งพิพัฒน์ (พี่บิ๊ก)
WE By The Brain,การประสานงานในร่างกายสัตว์ A-Level,ดร.ณัฐชัย เก่งพิพัฒน์ (พี่บิ๊ก)
WE By The Brain,ทฤษฎีจำนวนและเลขยกกำลัง,อ.วิเศษ กี่สุขพันธ์ (พี่เอ๋)
WE By The Brain,ความงามทางภาษา,อ.สุรเชษฐ์ พิชิตพงศ์เผ่า (พี่ยู)
WE By The Brain,ประโยคในภาษาไทย,อ.สุรเชษฐ์ พิชิตพงศ์เผ่า (พี่ยู)
WE By The Brain,ฟิสิกส์ ม.6 เทอม 1 รวมทุกบท,ดร.ธนัชพร วงศ์เวียน (พี่ลูกตาล)
WE By The Brain,วิทยาศาสตร์กายภาพ - ฟิสิกส์,ดร.ธนัชพร วงศ์เวียน (พี่ลูกตาล)
WE By The Brain,TGAT1 การสื่อสารภาษาอังกฤษ,ดร.สมิตา หมวดทอง (พี่นุ้ย)
WE By The Brain,สมดุลกล,ดร.ธนัชพร วงศ์เวียน (พี่ลูกตาล)
WE By The Brain,เซลล์ : โครงสร้างการลำเลียงสาร และการสื่อสารของเซลล์,ดร.ณัฐชัย เก่งพิพัฒน์ (พี่บิ๊ก)
WE By The Brain,ตะลุยโจทย์ ฟิสิกส์ A-Level,ดร.ธนัชพร วงศ์เวียน (พี่ลูกตาล)
WE By The Brain,พันธุศาสตร์ และความหลากหลายทางชีวภาพ A-Level,ดร.ณัฐชัย เก่งพิพัฒน์ (พี่บิ๊ก)
WE By The Brain,ของแข็งและของไหล,ดร.ธนัชพร วงศ์เวียน (พี่ลูกตาล)
WE By The Brain,การเคลื่อนที่ของสัตว์,ดร.ณัฐชัย เก่งพิพัฒน์ (พี่บิ๊ก)
WE By The Brain,คู่หู Duo Set คณิต ม.5 เทอม 1+2,อ.มนตรี นิรมิตศิริพงศ์ (พี่ช้าง)
WE By The Brain,คู่หู Duo Set คณิต ม.5 เทอม 1+2,อ.ชวลิต กุลกีรติการ (พี่กอล์ฟ)
WE By The Brain,คู่หู Duo Set คณิต ม.5 เทอม 1+2,อ.วิเศษ กี่สุขพันธ์ (พี่เอ๋)
WE By The Brain,คู่หู Duo Set คณิต ม.5 เทอม 1+2,อ.สิทธิเดช เลนุกูล (พี่ภูมิ)
WE By The Brain,เรขาคณิตวิเคราะห์และภาคตัดกรวย,อ.สิทธิเดช เลนุกูล (พี่ภูมิ)
WE By The Brain,กลุ่ม C คลื่น รวมทุกบท,ดร.ธนัชพร วงศ์เวียน (พี่ลูกตาล)
WE By The Brain,เคมีพื้นฐานของสิ่งมีชีวิต,ดร.ณัฐชัย เก่งพิพัฒน์ (พี่บิ๊ก)
WE By The Brain,ภาษาไทย ม.ปลาย เนื้อหาคอร์สเรียน ชุดที่2,อ.สุรเชษฐ์ พิชิตพงศ์เผ่า (พี่ยู)
WE By The Brain,กลุ่ม B กลศาสตร์ 2 รวมทุกบท,ดร.ธนัชพร วงศ์เวียน (พี่ลูกตาล)
WE By The Brain,ภาษาไทย ม.ปลาย เนื้อหาคอร์สเรียน ชุดที่3,อ.สุรเชษฐ์ พิชิตพงศ์เผ่า (พี่ยู)
WE By The Brain,ข้อบกพร่องในการใช้ภาษา,อ.สุรเชษฐ์ พิชิตพงศ์เผ่า (พี่ยู)
WE By The Brain,MECHANICS 1 A-Level,ดร.ธนัชพร วงศ์เวียน (พี่ลูกตาล)
WE By The Brain,คำไทยแท้และคำยืมจากภาษาต่างประเทศ,อ.สุรเชษฐ์ พิชิตพงศ์เผ่า (พี่ยู)
WE By The Brain,ภาษาไทย ม.ปลาย เนื้อหาคอร์สเรียน ชุดที่4,อ.สุรเชษฐ์ พิชิตพงศ์เผ่า (พี่ยู)
WE By The Brain,โครโมโซม และสารพันธุกรรม,ดร.ณัฐชัย เก่งพิพัฒน์ (พี่บิ๊ก)
WE By The Brain,การสลายอาหารระดับเซลล์,ดร.ณัฐชัย เก่งพิพัฒน์ (พี่บิ๊ก)
WE By The Brain,การสร้างคำในภาษาไทย,อ.สุรเชษฐ์ พิชิตพงศ์เผ่า (พี่ยู)
WE By The Brain,กลุ่ม A กลศาสตร์ 1 รวมทุกบท,ดร.ธนัชพร วงศ์เวียน (พี่ลูกตาล)
WE By The Brain,ระบบประสาท,ดร.ณัฐชัย เก่งพิพัฒน์ (พี่บิ๊ก)
WE By The Brain,เคมี A-Level รวมทุกบท,ดร.ธนพงษ์ กรีธาดำรงเดช (ครูบิ๊ก)
WE By The Brain,คณิตศาสตร์ ม.4 เทอม 1 รวมทุกบท,อ.ชวลิต กุลกีรติการ (พี่กอล์ฟ)
WE By The Brain,คณิตศาสตร์ ม.4 เทอม 1 รวมทุกบท,อ.วิเศษ กี่สุขพันธ์ (พี่เอ๋)
WE By The Brain,คณิตศาสตร์ ม.4 เทอม 1 รวมทุกบท,อ.สิทธิเดช เลนุกูล (พี่ภูมิ)
WE By The Brain,คณิตศาสตร์ ม.5 เทอม 1 กลุ่ม B รวมทุกบท,อ.มนตรี นิรมิตศิริพงศ์ (พี่ช้าง)
WE By The Brain,คณิตศาสตร์ ม.5 เทอม 1 กลุ่ม B รวมทุกบท,อ.ชวลิต กุลกีรติการ (พี่กอล์ฟ)
WE By The Brain,คณิตศาสตร์ ม.5 เทอม 1 กลุ่ม B รวมทุกบท,อ.วิเศษ กี่สุขพันธ์ (พี่เอ๋)
WE By The Brain,คณิตศาสตร์ ม.5 เทอม 1 กลุ่ม B รวมทุกบท,อ.สิทธิเดช เลนุกูล (พี่ภูมิ)
WE By The Brain,ระบบแลกเปลี่ยนแก๊สของสัตว์,ดร.ณัฐชัย เก่งพิพัฒน์ (พี่บิ๊ก)
Panya Society,ภาษาอังกฤษ A-Level,ตวงรัตน์ แสงโชติ (อ.ตวง)
Panya Society,เคมี ม. 6 วิเคราะห์เก่ง แก้โจทย์เป็น เห็นเป็นภาพ โดยอาจารย์นัท,ณัฏฐพล อิสรเสรีรักษ์ (อ.นัท)
Panya Society,Pack ติวสอบวิศวะ ฟิสิกส์ และ คณิตศาสตร์ A-Level + TPAT3 โดยวิศวกรตัวจริง,สุปิติ บูรณวัฒนาโชค (อ.แชร์)
Panya Society,Pack ติวสอบวิศวะ ฟิสิกส์ และ คณิตศาสตร์ A-Level + TPAT3 โดยวิศวกรตัวจริง,ธรรมนิติ์ พิพัฒน์ศรีสวัสดิ์ (อ.นอต)
Panya Society,Pack ฟิสิกส์ + คณิตศาสตร์ TCAS ติดอาวุธลับ UpScore,ธรรมนิติ์ พิพัฒน์ศรีสวัสดิ์ (อ.นอต)
Panya Society,Pack ฟิสิกส์ + คณิตศาสตร์ TCAS ติดอาวุธลับ UpScore,สุปิติ บูรณวัฒนาโชค (อ.แชร์)
Panya Society,คณิตศาสตร์เสริม ม.6 เทอม 2 คิดคล่อง ไม่ท่องจำ ทำโจทย์ได้ โดย อ.นอต,ธรรมนิติ์ พิพัฒน์ศรีสวัสดิ์ (อ.นอต)
Panya Society,Pack เพิ่มเกรด ม.6 เทอม 1 - ฟิสิกส์ เคมี คณิตศาสตร์,สุปิติ บูรณวัฒนาโชค (อ.แชร์)
Panya Society,Pack เพิ่มเกรด ม.6 เทอม 1 - ฟิสิกส์ เคมี คณิตศาสตร์,ดร.ณัฏฐพล อิสรเสรีรักษ์ (อ.นัท)
Panya Society,Pack เพิ่มเกรด ม.6 เทอม 1 - ฟิสิกส์ เคมี คณิตศาสตร์,ธรรมนิติ์ พิพัฒน์ศรีสวัสดิ์ (อ.นอต)
Panya Society,สอวน. เคมีโอลิมปิก,ณัฏฐพล อิสรเสรีรักษ์ (อ.นัท)
Panya Society,คอร์สเตรียมสอบ Alevel ภาษาไทย,ครูพี่ชาร์ป
Panya Society,Pack สอบติด คอร์ส คณิตศาสตร์ 2 A-Level + TGAT,ธรรมนิติ์ พิพัฒน์ศรีสวัสดิ์ (อ.นอต)
Panya Society,Pack สอบติด คอร์ส คณิตศาสตร์ 2 A-Level + TGAT,สุปิติ บูรณวัฒนาโชค (อ.แชร์)
Panya Society,Pack สอบติด คอร์ส คณิตศาสตร์ 2 A-Level + TGAT,จารุกิตติ์ วิทยาปัญญานนท์ (อ.ชาร์ป)
Panya Society,Pack สอบติด คอร์ส คณิตศาสตร์ 2 A-Level + TGAT,ตวงรัตน์ แสงโชติ (อ.ตวง)
Panya Society,TPAT3 ความถนัดด้านวิทยาศาสตร์ เทคโนโลยี และวิศวกรรมศาสตร์,สุปิติ บูรณวัฒนาโชค (อ.แชร์)
Panya Society,คณิตศาสตร์เสริม ม.6 เทอม 1 คิดคล่อง ไม่ท่องจำ ทำโจทย์ได้ โดย อ.นอต,ธรรมนิติ์ พิพัฒน์ศรีสวัสดิ์ (อ.นอต)
Panya Society,ฟิสิกส์ ม.5 เทอม 1 (หลักสูตรใหม่) เรียนสนุก ทำโจทย์คล่อง คะแนนเยี่ยม โดยอาจารย์แชร์,สุปิติ บูรณวัฒนาโชค (อ.แชร์)
Panya Society,Pack สอบติด TCAS ภาษาไทย สังคม และ TGAT,จารุกิตติ์ วิทยาปัญญานนท์ (อ.ชาร์ป)
Panya Society,Pack สอบติด TCAS ภาษาไทย สังคม และ TGAT,วิษณุ ลือพงศ์พาณิชย์ (อ.ณุ)
Panya Society,Pack สอบติด TCAS ภาษาไทย สังคม และ TGAT,ตวงรัตน์ แสงโชติ (อ.ตวง)
Panya Society,Pack สอบติด TCAS ภาษาไทย สังคม และ TGAT,สุปิติ บูรณวัฒนาโชค (อ.แชร์)
Panya Society,FAST ฟิสิกส์ A-Level,สุปิติ บูรณวัฒนาโชค (อ.แชร์)
Panya Society,Pack ภาษาไทย และ สังคม A-Level,จารุกิตติ์ วิทยาปัญญานนท์ (อ.ชาร์ป)
Panya Society,Pack ภาษาไทย และ สังคม A-Level,วิษณุ ลือพงศ์พาณิชย์ (อ.ณุ)
Panya Society,Pack FAST ฟิสิกส์ + เคมี + คณิตศาสตร์ A-Level,สุปิติ บูรณวัฒนาโชค (อ.แชร์)
Panya Society,Pack FAST ฟิสิกส์ + เคมี + คณิตศาสตร์ A-Level,ดร.ณัฏฐพล อิสรเสรีรักษ์ (อ.นัท)
Panya Society,Pack FAST ฟิสิกส์ + เคมี + คณิตศาสตร์ A-Level,ดร.ธรรมนิติ์ พิพัฒน์ศรีสวัสดิ์ (อ.นอต)
Panya Society,Pack เพิ่มเกรด ม.4 เทอม 1 - ฟิสิกส์ เคมี คณิตศาสตร์,สุปิติ บูรณวัฒนาโชค (อ.แชร์)
Panya Society,Pack เพิ่มเกรด ม.4 เทอม 1 - ฟิสิกส์ เคมี คณิตศาสตร์,ดร.ณัฏฐพล อิสรเสรีรักษ์ (อ.นัท)
Panya Society,Pack เพิ่มเกรด ม.4 เทอม 1 - ฟิสิกส์ เคมี คณิตศาสตร์,ดร.ธรรมนิติ์ พิพัฒน์ศรีสวัสดิ์ (อ.นอต)
Panya Society,คณิตศาสตร์เสริม ม.4 เทอม 1 คิดคล่อง ไม่ท่องจำ ทำโจทย์ได้ โดย อ.นอต,ธรรมนิติ์ พิพัฒน์ศรีสวัสดิ์ (อ.นอต)
Panya Society,Pack FAST ฟิสิกส์ + เคมี A-Level,สุปิติ บูรณวัฒนาโชค (อ.แชร์)
Panya Society,Pack FAST ฟิสิกส์ + เคมี A-Level,ดร.ณัฏฐพล อิสรเสรีรักษ์ (อ.นัท)
Panya Society,คณิตศาสตร์เสริม ม.5 เทอม 2 คิดคล่อง ไม่ท่องจำ ทำโจทย์ได้ โดย อ.นอต,ธรรมนิติ์ พิพัฒน์ศรีสวัสดิ์ (อ.นอต)
Panya Society,เคมี ม. 4 เทอม 2 วิเคราะห์เก่ง แก้โจทย์เป็น เห็นเป็นภาพ โดยอาจารย์นัท,ณัฏฐพล อิสรเสรีรักษ์ (อ.นัท)
Panya Society,คณิตศาสตร์เสริม ม.4 เทอม 2 คิดคล่อง ไม่ท่องจำ ทำโจทย์ได้ โดย อ.นอต,ธรรมนิติ์ พิพัฒน์ศรีสวัสดิ์ (อ.นอต)
Panya Society,Pack สอบติด TCAS ฟิสิกส์ + เคมี + คณิตศาสตร์ A-Level,สุปิติ บูรณวัฒนาโชค (อ.แชร์)
Panya Society,Pack สอบติด TCAS ฟิสิกส์ + เคมี + คณิตศาสตร์ A-Level,ธรรมนิติ์ พิพัฒน์ศรีสวัสดิ์ (อ.นอต)
Panya Society,Pack สอบติด TCAS ฟิสิกส์ + เคมี + คณิตศาสตร์ A-Level,ดร.ณัฏฐพล อิสรเสรีรักษ์ (อ.นัท)
Panya Society,ฟิสิกส์ A-level TCAS70,สุปิติ บูรณวัฒนาโชค (อ.แชร์)
Panya Society,Pack เพิ่มเกรด ม.5 - คณิตศาสตร์,ดร.ธรรมนิติ์ พิพัฒน์ศรีสวัสดิ์ (อ.นอต)
Panya Society,TPAT1 ติวเร่งด่วน ความถนัดแพทย์,นพ.จิรภัทร บุนนาค (อ.พี่หมอไอซ์)
Panya Society,Pack สอบติด คอร์ส คณิตศาสตร์ A-Level + TGAT,ธรรมนิติ์ พิพัฒน์ศรีสวัสดิ์ (อ.นอต)
Panya Society,Pack สอบติด คอร์ส คณิตศาสตร์ A-Level + TGAT,สุปิติ บูรณวัฒนาโชค (อ.แชร์)
Panya Society,Pack สอบติด คอร์ส คณิตศาสตร์ A-Level + TGAT,จารุกิตติ์ วิทยาปัญญานนท์ (อ.ชาร์ป)
Panya Society,Pack สอบติด คอร์ส คณิตศาสตร์ A-Level + TGAT,ตวงรัตน์ แสงโชติ (อ.ตวง)
Panya Society,Pack สอบติด TCAS เคมี + คณิตศาสตร์ A-Level,ธรรมนิติ์ พิพัฒน์ศรีสวัสดิ์ (อ.นอต)
Panya Society,Pack สอบติด TCAS เคมี + คณิตศาสตร์ A-Level,ดร.ณัฏฐพล อิสรเสรีรักษ์ (อ.นัท)
Panya Society,Pack FAST เคมี + คณิตศาสตร์ A-Level,ดร.ณัฏฐพล อิสรเสรีรักษ์ (อ.นัท)
Panya Society,Pack FAST เคมี + คณิตศาสตร์ A-Level,ดร.ธรรมนิติ์ พิพัฒน์ศรีสวัสดิ์ (อ.นอต)
Panya Society,Pack สอบติด TCAS ฟิสิกส์ + เคมี A-Level,สุปิติ บูรณวัฒนาโชค (อ.แชร์)
Panya Society,Pack สอบติด TCAS ฟิสิกส์ + เคมี A-Level,ดร.ณัฏฐพล อิสรเสรีรักษ์ (อ.นัท)
Panya Society,Pack ภาษาไทย สังคม และ ภาษาอังกฤษ A-Level,จารุกิตติ์ วิทยาปัญญานนท์ (อ.ชาร์ป)
Panya Society,Pack ภาษาไทย สังคม และ ภาษาอังกฤษ A-Level,วิษณุ ลือพงศ์พาณิชย์ (อ.ณุ)
Panya Society,Pack ภาษาไทย สังคม และ ภาษาอังกฤษ A-Level,ตวงรัตน์ แสงโชติ (อ.ตวง)
Panya Society,สังคม A-Level สาระ เศรษฐศาสตร์,วิษณุ ลือพงศ์พาณิชย์ (อ.ณุ)
Panya Society,เคมี A-level TCAS70,ดร.ณัฏฐพล อิสรเสรีรักษ์ (อ.นัท)
Panya Society,เคมี ม. 5 เทอม 1 วิเคราะห์เก่ง แก้โจทย์เป็น เห็นเป็นภาพ โดยอาจารย์นัท,ณัฏฐพล อิสรเสรีรักษ์ (อ.นัท)
Panya Society,Pack ฟิสิกส์ + เคมี + คณิตศาสตร์ TCAS ติดอาวุธลับ UpScore,ธรรมนิติ์ พิพัฒน์ศรีสวัสดิ์ (อ.นอต)
Panya Society,Pack ฟิสิกส์ + เคมี + คณิตศาสตร์ TCAS ติดอาวุธลับ UpScore,สุปิติ บูรณวัฒนาโชค (อ.แชร์)
Panya Society,Pack ฟิสิกส์ + เคมี + คณิตศาสตร์ TCAS ติดอาวุธลับ UpScore,ดร.ณัฏฐพล อิสรเสรีรักษ์ (อ.นัท)
Panya Society,ปรับพื้นฐาน คณิตศาสตร์ ม.ปลาย,ธรรมนิติ์ พิพัฒน์ศรีสวัสดิ์ (อ.นอต)
Panya Society,Pack เพิ่มเกรด ม.5 เทอม 1 - ฟิสิกส์ เคมี คณิตศาสตร์,สุปิติ บูรณวัฒนาโชค (อ.แชร์)
Panya Society,Pack เพิ่มเกรด ม.5 เทอม 1 - ฟิสิกส์ เคมี คณิตศาสตร์,ดร.ณัฏฐพล อิสรเสรีรักษ์ (อ.นัท)
Panya Society,Pack เพิ่มเกรด ม.5 เทอม 1 - ฟิสิกส์ เคมี คณิตศาสตร์,ธรรมนิติ์ พิพัฒน์ศรีสวัสดิ์ (อ.นอต)
Panya Society,ฟิสิกส์ ม.4 เทอม 1 (หลักสูตรใหม่) เรียนสนุก ทำโจทย์คล่อง คะแนนเยี่ยม โดยอาจารย์แชร์,สุปิติ บูรณวัฒนาโชค (อ.แชร์)
Panya Society,Pack สอบติด คอร์ส คณิตศาสตร์ ภาษาไทย สังคม และ ภาษาอังกฤษ A-Level,ธรรมนิติ์ พิพัฒน์ศรีสวัสดิ์ (อ.นอต)
Panya Society,Pack สอบติด คอร์ส คณิตศาสตร์ ภาษาไทย สังคม และ ภาษาอังกฤษ A-Level,สุปิติ บูรณวัฒนาโชค (อ.แชร์)
Panya Society,Pack สอบติด คอร์ส คณิตศาสตร์ ภาษาไทย สังคม และ ภาษาอังกฤษ A-Level,จารุกิตติ์ วิทยาปัญญานนท์ (อ.ชาร์ป)
Panya Society,Pack สอบติด คอร์ส คณิตศาสตร์ ภาษาไทย สังคม และ ภาษาอังกฤษ A-Level,วิษณุ ลือพงศ์พาณิชย์ (อ.ณุ)
Panya Society,Pack สอบติด คอร์ส คณิตศาสตร์ ภาษาไทย สังคม และ ภาษาอังกฤษ A-Level,ตวงรัตน์ แสงโชติ (อ.ตวง)
Panya Society,สอวน. คอมพิวเตอร์โอลิมปิก,ธรรมนิติ์ พิพัฒน์ศรีสวัสดิ์ (อ.นอต)
Panya Society,Pack เพิ่มเกรด ม.4 - เคมี,ดร.ณัฏฐพล อิสรเสรีรักษ์ (อ.นัท)
Panya Society,FAST เคมี A-Level,ณัฏฐพล อิสรเสรีรักษ์ (อ.นัท)
Panya Society,FAST คณิตศาสตร์ A-Level,ธรรมนิติ์ พิพัฒน์ศรีสวัสดิ์ (อ.นอต)
Panya Society,ฟิสิกส์ ม.6 เทอม 1 (หลักสูตรใหม่) เรียนสนุก ทำโจทย์คล่อง คะแนนเยี่ยม โดยอาจารย์แชร์,สุปิติ บูรณวัฒนาโชค (อ.แชร์)
Panya Society,Pack สอบติด คอร์ส คณิตศาสตร์ 2 ภาษาไทย สังคม และ ภาษาอังกฤษ A-Level,ธรรมนิติ์ พิพัฒน์ศรีสวัสดิ์ (อ.นอต)
Panya Society,Pack สอบติด คอร์ส คณิตศาสตร์ 2 ภาษาไทย สังคม และ ภาษาอังกฤษ A-Level,จารุกิตติ์ วิทยาปัญญานนท์ (อ.ชาร์ป)
Panya Society,Pack สอบติด คอร์ส คณิตศาสตร์ 2 ภาษาไทย สังคม และ ภาษาอังกฤษ A-Level,วิษณุ ลือพงศ์พาณิชย์ (อ.ณุ)
Panya Society,Pack สอบติด คอร์ส คณิตศาสตร์ 2 ภาษาไทย สังคม และ ภาษาอังกฤษ A-Level,ตวงรัตน์ แสงโชติ (อ.ตวง)
Panya Society,Pack เพิ่มเกรด ม.4 - ฟิสิกส์,สุปิติ บูรณวัฒนาโชค (อ.แชร์)
Panya Society,Pack เพิ่มเกรด ม.4 - คณิตศาสตร์,ดร.ธรรมนิติ์ พิพัฒน์ศรีสวัสดิ์ (อ.นอต)
Panya Society,TCAS BOOSTER สายวิทย์,สุปิติ บูรณวัฒนาโชค (อ.แชร์)
Panya Society,TCAS BOOSTER สายวิทย์,ดร.ณัฏฐพล อิสรเสรีรักษ์ (อ.นัท)
Panya Society,TCAS BOOSTER สายวิทย์,ธรรมนิติ์ พิพัฒน์ศรีสวัสดิ์ (อ.นอต)
Panya Society,เคมี ม. 4 เทอม 1 วิเคราะห์เก่ง แก้โจทย์เป็น เห็นเป็นภาพ โดยอาจารย์นัท,ณัฏฐพล อิสรเสรีรักษ์ (อ.นัท)
Panya Society,TGAT วิชาวัดความถนัดทั่วไป (Thai General Aptitude Test),สุปิติ บูรณวัฒนาโชค (อ.แชร์)
Panya Society,TGAT วิชาวัดความถนัดทั่วไป (Thai General Aptitude Test),จารุกิตติ์ วิทยาปัญญานนท์ (อ.ชาร์ป)
Panya Society,TGAT วิชาวัดความถนัดทั่วไป (Thai General Aptitude Test),ตวงรัตน์ แสงโชติ (อ.ตวง)
Panya Society,Pack ติวสอบวิศวะ TPAT3 + TGAT โดยวิศวกรตัวจริง,สุปิติ บูรณวัฒนาโชค (อ.แชร์)
Panya Society,Pack ติวสอบวิศวะ TPAT3 + TGAT โดยวิศวกรตัวจริง,จารุกิตติ์ วิทยาปัญญานนท์ (อ.ชาร์ป)
Panya Society,Pack ติวสอบวิศวะ TPAT3 + TGAT โดยวิศวกรตัวจริง,ตวงรัตน์ แสงโชติ (อ.ตวง)
Panya Society,Pack เพิ่มเกรด ม.5 - ฟิสิกส์,สุปิติ บูรณวัฒนาโชค (อ.แชร์)
Panya Society,คณิตศาสตร์ TCAS ติดอาวุธลับ UpScore,ธรรมนิติ์ พิพัฒน์ศรีสวัสดิ์ (อ.นอต)
Panya Society,คณิตศาสตร์ A-Level (เลขหลัก (พื้นฐาน) + เลขเสริม (เพิ่มเติม) ),ธรรมนิติ์ พิพัฒน์ศรีสวัสดิ์ (อ.นอต)
Panya Society,ติดอาวุธลับ UpScore,ดร.ณัฏฐพล อิสรเสรีรักษ์ (พี่นัท)
Panya Society,Pack สอบติด TCAS ฟิสิกส์ + คณิตศาสตร์ A-Level,สุปิติ บูรณวัฒนาโชค (อ.แชร์)
Panya Society,Pack สอบติด TCAS ฟิสิกส์ + คณิตศาสตร์ A-Level,ธรรมนิติ์ พิพัฒน์ศรีสวัสดิ์ (อ.นอต)
Panya Society,เคมี ม. 5 เทอม 2 วิเคราะห์เก่ง แก้โจทย์เป็น เห็นเป็นภาพ โดยอาจารย์นัท,ณัฏฐพล อิสรเสรีรักษ์ (อ.นัท)
Panya Society,Pack ติวสอบวิศวะ ฟิสิกส์ เคมี และ คณิตศาสตร์ A-Level + TPAT3 + TGAT โดยวิศวกรตัวจริง,สุปิติ บูรณวัฒนาโชค (อ.แชร์)
Panya Society,Pack ติวสอบวิศวะ ฟิสิกส์ เคมี และ คณิตศาสตร์ A-Level + TPAT3 + TGAT โดยวิศวกรตัวจริง,ธรรมนิติ์ พิพัฒน์ศรีสวัสดิ์ (อ.นอต)
Panya Society,Pack ติวสอบวิศวะ ฟิสิกส์ เคมี และ คณิตศาสตร์ A-Level + TPAT3 + TGAT โดยวิศวกรตัวจริง,ดร.ณัฏฐพล อิสรเสรีรักษ์ (อ.นัท)
Panya Society,Pack ติวสอบวิศวะ ฟิสิกส์ เคมี และ คณิตศาสตร์ A-Level + TPAT3 + TGAT โดยวิศวกรตัวจริง,จารุกิตติ์ วิทยาปัญญานนท์ (อ.ชาร์ป)
Panya Society,Pack ติวสอบวิศวะ ฟิสิกส์ เคมี และ คณิตศาสตร์ A-Level + TPAT3 + TGAT โดยวิศวกรตัวจริง,ตวงรัตน์ แสงโชติ (อ.ตวง)
Panya Society,TCAS BOOSTER สายศิลป์,จารุกิตติ์ วิทยาปัญญานนท์ (อ.ชาร์ป)
Panya Society,TCAS BOOSTER สายศิลป์,ธราดล รานรินทร์ (อ.นิว)
Panya Society,TCAS BOOSTER สายศิลป์,ตวงรัตน์ แสงโชติ (อ.ตวง)
Panya Society,ติดอาวุธลับ UpScoreร์,สุปิติ บูรณวัฒนาโชค (พี่แชร์)
Panya Society,คณิตศาสตร์ 2 A-Level,ธรรมนิติ์ พิพัฒน์ศรีสวัสดิ์ (อ.นอต)
Panya Society,Pack FAST ฟิสิกส์ + คณิตศาสตร์ A-Level,สุปิติ บูรณวัฒนาโชค (อ.แชร์)
Panya Society,Pack FAST ฟิสิกส์ + คณิตศาสตร์ A-Level,ดร.ธรรมนิติ์ พิพัฒน์ศรีสวัสดิ์ (อ.นอต)
Panya Society,● TGAT Eng + A-Level Eng ●,ครูพี่ตวง
Panya Society,Pack เคมี + คณิตศาสตร์ TCAS ติดอาวุธลับ UpScore,ธรรมนิติ์ พิพัฒน์ศรีสวัสดิ์ (อ.นอต)
Panya Society,Pack เคมี + คณิตศาสตร์ TCAS ติดอาวุธลับ UpScore,ดร.ณัฏฐพล อิสรเสรีรักษ์ (อ.นัท)
Panya Society,Pack เพิ่มเกรด ม.5 - เคมี,ดร.ณัฏฐพล อิสรเสรีรักษ์ (อ.นัท)
Panya Society,คณิตศาสตร์เสริม ม.5 เทอม 1 คิดคล่อง ไม่ท่องจำ ทำโจทย์ได้ โดย อ.นอต,ธรรมนิติ์ พิพัฒน์ศรีสวัสดิ์ (อ.นอต)
Panya Society,ข้อสอบจำลอง TPAT3 ความถนัดด้านวิทยาศาสตร์ เทคโนโลยี และวิศวกรรมศาสตร์,สุปิติ บูรณวัฒนาโชค (อ.แชร์)
Panya Society,Pack ติวสอบวิศวะ ฟิสิกส์ A-Level + TPAT3 โดยวิศวกรตัวจริง,สุปิติ บูรณวัฒนาโชค (อ.แชร์)
Panya Society,ฟิสิกส์ ม.5 เทอม 2 (หลักสูตรใหม่) เรียนสนุก ทำโจทย์คล่อง คะแนนเยี่ยม โดยอาจารย์แชร์,สุปิติ บูรณวัฒนาโชค (อ.แชร์)
Panya Society,Pack ติวสอบวิศวะ ฟิสิกส์ และ คณิตศาสตร์ A-Level + TPAT3 + TGAT โดยวิศวกรตัวจริง,ธรรมนิติ์ พิพัฒน์ศรีสวัสดิ์ (อ.นอต)
Panya Society,Pack ติวสอบวิศวะ ฟิสิกส์ และ คณิตศาสตร์ A-Level + TPAT3 + TGAT โดยวิศวกรตัวจริง,สุปิติ บูรณวัฒนาโชค (อ.แชร์)
Panya Society,Pack ติวสอบวิศวะ ฟิสิกส์ และ คณิตศาสตร์ A-Level + TPAT3 + TGAT โดยวิศวกรตัวจริง,จารุกิตติ์ วิทยาปัญญานนท์ (อ.ชาร์ป)
Panya Society,Pack ติวสอบวิศวะ ฟิสิกส์ และ คณิตศาสตร์ A-Level + TPAT3 + TGAT โดยวิศวกรตัวจริง,ตวงรัตน์ แสงโชติ (อ.ตวง)
Panya Society,Pack ฟิสิกส์ + เคมี TCAS ติดอาวุธลับ UpScore,สุปิติ บูรณวัฒนาโชค (อ.แชร์)
Panya Society,Pack ฟิสิกส์ + เคมี TCAS ติดอาวุธลับ UpScore,ดร.ณัฏฐพล อิสรเสรีรักษ์ (อ.นัท)
Panya Society,คอร์สเตรียมสอบ Alevel สังคมศึกษา,ครูพี่ณุณิ
Panya Society,ฟิสิกส์ ม.4 เทอม 2 (หลักสูตรใหม่) เรียนสนุก ทำโจทย์คล่อง คะแนนเยี่ยม โดยอาจารย์แชร์,สุปิติ บูรณวัฒนาโชค (อ.แชร์)
Panya Society,สอวน. ฟิสิกส์โอลิมปิก,สุปิติ บูรณวัฒนาโชค (อ.แชร์)
Physics Blueprint,MOCK TEST Math 1 A-Level (68),ครูพี่ตั้ว
Physics Blueprint,พิชิต TPAT3 เล่ม 1 IQ & APTITUDE TEST (69),ครูพี่ตั้ว
Physics Blueprint,พิชิตฟิสิกส์ [บทที่ 20] ฟิสิกส์นิวเคลียร์และฟิสิกส์อนุภาค (70),ครูพี่ตั้ว
Physics Blueprint,พิชิตฟิสิกส์ ม.4 เทอม 2 (70),ครูพี่ตั้ว
Physics Blueprint,MOCKTEST TPAT3 (69),ครูพี่ตั้ว
Physics Blueprint,พิชิต TPAT3 Pack เล่ม 1+2 (69),ครูพี่ตั้ว
Physics Blueprint,ตะลุยโจทย์ Physics A-Level Speed Up Pack 3 เล่ม (69),ครูพี่ตั้ว
Physics Blueprint,พิชิตฟิสิกส์ [บทที่ 2] การเคลื่อนที่แนวตรง (70),ครูพี่ตั้ว
Physics Blueprint,พิชิตฟิสิกส์ [บทที่ 8] การเคลื่อนที่แบบ SHM (70),ครูพี่ตั้ว
Physics Blueprint,ENTRANCE (TCAS) PHYSICS PACK รวมเนื้อหาฟิสิกส์ ม.ปลาย (อัพเดต TCAS70),ครูพี่ตั้ว
Physics Blueprint,MOCKTEST TGAT2,ครูพี่ตั้ว
Physics Blueprint,PACK พิชิตฟิสิกส์ ม.5 (เล่ม 1+2) (70),ครูพี่ตั้ว
Physics Blueprint,พิชิตฟิสิกส์ ม.5 เทอม 1 (70),ครูพี่ตั้ว
Physics Blueprint,พิชิตฟิสิกส์ [บทที่ 1] ธรรมชาติและพัฒนาการทางฟิสิกส์ (70),ครูพี่ตั้ว
Physics Blueprint,Pack TGAT2 + TGAT3,ครูพี่ตั้ว
Physics Blueprint,พิชิตฟิสิกส์ [บทที่ 17] ความร้อนและแก๊ส (70),ครูพี่ตั้ว
Physics Blueprint,พิชิตฟิสิกส์ [บทที่ 18] ของแข็งและของไหล (70),ครูพี่ตั้ว
Physics Blueprint,พิชิตฟิสิกส์ [บทที่ 3] แรงและกฎการเคลื่อนที่ (70),ครูพี่ตั้ว
Physics Blueprint,พิชิตฟิสิกส์ ม.4 เทอม 1 (70),ครูพี่ตั้ว
Physics Blueprint,พิชิตฟิสิกส์ [บทที่ 4] สมดุลกล (70),ครูพี่ตั้ว
Physics Blueprint,พิชิตฟิสิกส์ [บทที่ 5] งานและพลังงาน (70),ครูพี่ตั้ว
Physics Blueprint,MOCK TEST Math 2 A-Level (68),ครูพี่ตั้ว
Physics Blueprint,พิชิตฟิสิกส์ [บทที่ 19] ฟิสิกส์อะตอม (70),ครูพี่ตั้ว
Physics Blueprint,MOCKTEST Physics A-Level (69),ครูพี่ตั้ว
Physics Blueprint,พิชิตฟิสิกส์ ม.6 เทอม 1 (70),ครูพี่ตั้ว
Physics Blueprint,พิชิตฟิสิกส์ ม.5 เทอม 2 (70),ครูพี่ตั้ว
Physics Blueprint,Gear Pack B Physics A-Level Speed Up + พิชิต TPAT3 2 เล่ม,ครูพี่ตั้ว
Physics Blueprint,ตะลุยโจทย์ร่างมาร,ครูพี่ตั้ว
Physics Blueprint,พิชิตฟิสิกส์ [บทที่ 14] ไฟฟ้ากระแส (70),ครูพี่ตั้ว
Physics Blueprint,Gear Pack  A Physics A-Level  7 เล่ม + พิชิต TPAT3 2 เล่ม (69),ครูพี่ตั้ว
Physics Blueprint,พิชิตฟิสิกส์ [บทที่ 15] แม่เหล็กและไฟฟ้า (70),ครูพี่ตั้ว
Physics Blueprint,พิชิตฟิสิกส์ [บทที่ 13] ไฟฟ้าสถิต (70),ครูพี่ตั้ว
Physics Blueprint,พิชิตฟิสิกส์ ม.6 เทอม 2 (70),ครูพี่ตั้ว
Physics Blueprint,พิชิตฟิสิกส์ [บทที่ 7] การเคลื่อนที่แนวโค้ง (70),ครูพี่ตั้ว
Physics Blueprint,พิชิต TPAT3 เล่ม 2 SCIENCE & ENGINEERING SENSE (69),ครูพี่ตั้ว
Physics Blueprint,PACK พิชิต สอวน. ฟิสิกส์ (70),ครูพี่ตั้ว
Physics Blueprint,พิชิตฟิสิกส์ [บทที่ 6] โมเมนตัมและการชน (70),ครูพี่ตั้ว
Physics Blueprint,พิชิตฟิสิกส์ [บทที่ 11] แสงเชิงรังสี (70),ครูพี่ตั้ว
Physics Blueprint,PACK พิชิตฟิสิกส์ ม.6 (เล่ม 1+2) (70),ครูพี่ตั้ว
Physics Blueprint,PACK พิชิตฟิสิกส์ ม.4 (เล่ม 1+2) (70),ครูพี่ตั้ว
Physics Blueprint,พิชิตฟิสิกส์ [บทที่ 12] เสียง (70),ครูพี่ตั้ว
Physics Blueprint,พิชิตฟิสิกส์ [บทที่ 10] แสงเชิงคลื่น (70),ครูพี่ตั้ว
Physics Blueprint,พิชิตฟิสิกส์ [บทที่ 9] คลื่น (70),ครูพี่ตั้ว
Physics Blueprint,พิชิตฟิสิกส์ [บทที่ 16] คลื่นแม่เหล็กไฟฟ้า (70),ครูพี่ตั้ว
